total_timesteps,episode_reward,episode_length,success,collision,safety_cost,minimum_clearance,shield_interventions,policy_loss,value_loss,entropy,approx_kl,eval_success_rate,eval_collision_rate,eval_mean_time
1024,107.8319094698399,175,1,0,0.0,0.642499976562566,0,0.0,0.26009002327919006,0.0,0.0,nan,nan,nan
2048,106.00614703943279,175,1,0,0.0,0.642499976562566,0,0.0,0.03886691853404045,0.0,0.0,nan,nan,nan
3072,106.51052336658502,179,1,0,0.0,0.642499976562566,0,0.0,0.053100407123565674,0.0,0.0,nan,nan,nan
4096,106.63597740998276,178,1,0,0.0,0.642499976562566,0,0.0,0.017575399950146675,0.0,0.0,nan,nan,nan
5120,107.27401237052766,178,1,0,0.0,0.642499976562566,0,0.0,0.01602296344935894,0.0,0.0,0.6666666666666666,0.0,11.833333333333243
6144,105.6798911739627,180,1,0,0.0,0.642499976562566,0,0.0,0.01591620407998562,0.0,0.0,nan,nan,nan
7168,105.97245763694325,177,1,0,0.0,0.6424999987752257,0,0.0,0.007637133821845055,0.0,0.0,nan,nan,nan
8192,105.43586684112269,178,1,0,0.0,0.642499976562566,0,0.0,0.007402850314974785,0.0,0.0,nan,nan,nan
9216,106.25129223844682,178,1,0,0.0,0.642499980582187,0,0.0,0.003585090162232518,0.0,0.0,nan,nan,nan
10240,105.52173550834216,183,1,0,0.0,0.6424999964516688,0,0.0,0.005837696138769388,0.0,0.0,0.6666666666666666,0.0,11.833333333333243
11264,106.22871878821239,179,1,0,0.0,0.6424999998689703,0,-0.05638456717133522,0.005849790759384632,-0.1619795560836792,0.062043387442827225,nan,nan,nan
12288,106.93958529595088,177,1,0,0.0,0.642499976562566,0,-0.004082635045051575,0.010916810482740402,-0.16197144985198975,0.05123969167470932,nan,nan,nan
13312,108.50876146807715,176,1,0,0.0,0.642499976562566,0,0.1221928671002388,0.010032138787209988,-0.16199803352355957,0.030721422284841537,nan,nan,nan
14336,106.768196265606,180,1,0,0.0,0.6424999869702434,0,-0.0556446835398674,0.009999814443290234,-0.16202473640441895,0.01410852000117302,nan,nan,nan
15360,106.13173831149957,179,1,0,0.0,0.6424999871143463,0,-0.030170246958732605,0.006802189163863659,-0.16220521926879883,0.0700477585196495,1.0,0.0,8.999999999999853
16384,104.55558339897647,179,1,0,0.0,0.642499976562566,0,-0.054718248546123505,0.008853268809616566,-0.16226911544799805,0.01523362286388874,nan,nan,nan
17408,106.13080810422942,176,1,0,0.0,0.642499979778682,1,0.05750688910484314,0.011254760436713696,-0.16244566440582275,0.03818487748503685,nan,nan,nan
18432,104.20793828269288,171,1,0,0.0,0.642499976562566,1,-0.1964348554611206,0.008409935981035233,-0.16251373291015625,0.013622782193124294,nan,nan,nan
19456,103.32914232689318,170,1,0,0.0,0.642499976562566,0,0.05683978646993637,0.5174084901809692,-0.16261136531829834,0.01515832170844078,nan,nan,nan
20480,103.26740867010506,168,1,0,0.0,0.642499976562566,1,-0.01124049723148346,0.3981086015701294,-0.16270756721496582,0.018474135547876358,1.0,0.0,8.633333333333193
21504,104.00810361531238,166,1,0,0.0,0.642499976562566,1,0.19973602890968323,0.008860897272825241,-0.1629173755645752,0.02243410050868988,nan,nan,nan
22528,102.17874854361013,162,1,0,0.0,0.642499976562566,0,-0.4499343931674957,0.007927793078124523,-0.16281509399414062,0.022145669907331467,nan,nan,nan
23552,104.1237492560003,163,1,0,0.0,0.642499976562566,1,-0.12956790626049042,0.007656177505850792,-0.16283857822418213,0.014761710539460182,nan,nan,nan
24576,103.85572412576587,166,1,0,0.0,0.642499976562566,0,-0.18214353919029236,0.007250494323670864,-0.1629546880722046,0.012477596290409565,nan,nan,nan
25600,103.20465332832902,163,1,0,0.0,0.642499976562566,0,0.10531136393547058,0.011703887954354286,-0.16300451755523682,0.015908926725387573,1.0,0.0,8.483333333333198
26624,102.19365148475181,163,1,0,0.0,0.642499976562566,0,0.05508004128932953,0.5216239094734192,-0.1630549430847168,0.018799372017383575,nan,nan,nan
27648,102.5329940516902,164,1,0,0.0,0.642499976562566,1,0.12248004972934723,0.013422040268778801,-0.16314685344696045,0.0350448302924633,nan,nan,nan
28672,103.91547891250188,164,1,0,0.0,0.642499976562566,1,0.06768673658370972,0.00755088496953249,-0.16326236724853516,0.038602832704782486,nan,nan,nan
29696,105.19113118202709,162,1,0,0.0,0.642499976562566,0,-0.15180115401744843,0.007796890567988157,-0.16336524486541748,0.013787749223411083,nan,nan,nan
30720,102.78472991856341,164,1,0,0.0,0.642499976562566,0,-0.05913688242435455,0.30824804306030273,-0.16345930099487305,0.01882864534854889,1.0,0.0,8.466666666666532
31744,107.3922970725118,167,1,0,0.0,0.642499976562566,0,-0.19667494297027588,0.0757913589477539,-0.16346919536590576,0.023731883615255356,nan,nan,nan
32768,106.22253839382869,168,1,0,0.0,0.642499976562566,0,0.07814761251211166,0.1153639405965805,-0.16348397731781006,0.03241065889596939,nan,nan,nan
33792,99.80689544340876,182,1,0,0.0,0.06586341819270541,0,-0.23402978479862213,0.4954347014427185,-0.16352665424346924,0.07449588179588318,nan,nan,nan
34816,108.25464854231237,168,1,0,0.0,0.642499976562566,0,-0.012808285653591156,1.1161599159240723,-0.16366469860076904,0.033127062022686005,nan,nan,nan
35840,-133.52645903775536,360,0,0,0.265995345391341,0.03400465460865898,242,-0.008127454668283463,0.6328285932540894,-0.16382873058319092,0.03037402033805847,0.6666666666666666,0.0,11.499999999999917
36864,108.36952209336445,166,1,0,0.0,0.642499976562566,1,0.0048453956842422485,0.8864132165908813,-0.1638031005859375,0.010309905745089054,nan,nan,nan
37888,105.45103421443893,163,1,0,0.0,0.642499976562566,0,0.10972009599208832,1.0093293190002441,-0.16377031803131104,0.017341189086437225,nan,nan,nan
38912,104.58083428572249,161,1,0,0.0,0.642499976562566,0,-0.18419258296489716,0.5666701197624207,-0.1638280153274536,0.029789822176098824,nan,nan,nan
39936,105.05872281701069,179,1,0,0.0,0.19810437076557863,0,0.20556002855300903,0.5240666270256042,-0.16392838954925537,0.04598335921764374,nan,nan,nan
40960,102.16494856887259,181,1,0,0.0,0.11283746228043234,0,-0.11835959553718567,0.0782051682472229,-0.16417241096496582,0.03506772592663765,1.0,0.0,8.46666666666653
41984,104.01820345747541,178,1,0,0.0,0.13169177086385803,0,-0.006596621125936508,0.0500350147485733,-0.164300799369812,0.02980358898639679,nan,nan,nan
43008,107.40979237764512,170,1,0,0.0,0.642499976562566,0,-0.01319657638669014,0.7319412231445312,-0.16438806056976318,0.016820065677165985,nan,nan,nan
44032,108.54791161865887,168,1,0,0.0,0.642499976562566,0,0.03647524118423462,0.9163936376571655,-0.1644376516342163,0.015892233699560165,nan,nan,nan
45056,100.70591133678627,190,1,0,0.0,0.05312950503684666,3,-0.03909246250987053,0.7696875929832458,-0.16447746753692627,0.011719899252057076,nan,nan,nan
46080,-132.79242701268254,360,0,0,0.267078247646295,0.03292175235370498,248,0.1575576663017273,1.1534786224365234,-0.16454148292541504,0.020275592803955078,0.6666666666666666,0.0,11.516666666666582
47104,108.08826613341071,167,1,0,0.0,0.6424999960634946,0,0.2989500164985657,0.1683846265077591,-0.16451752185821533,0.018509231507778168,nan,nan,nan
48128,108.5937815715127,162,1,0,0.0,0.6424999872472078,0,-0.026050634682178497,0.09691688418388367,-0.16456997394561768,0.0275720302015543,nan,nan,nan
49152,103.86675756074857,175,1,0,0.0,0.12314369353392018,0,0.14484933018684387,0.11620044708251953,-0.16457641124725342,0.012210012413561344,nan,nan,nan
50176,101.06168539134782,183,1,0,0.0,0.0660023074275235,2,0.01318725198507309,0.10678283870220184,-0.16457271575927734,0.010286753997206688,nan,nan,nan
51200,106.17570322923295,162,1,0,0.0,0.642499976562566,0,-0.026291348040103912,0.34097594022750854,-0.16459250450134277,0.02486710622906685,1.0,0.0,8.249999999999869
52224,104.46200780914876,164,1,0,0.0,0.642499976562566,0,0.11300191283226013,0.08361749351024628,-0.16460609436035156,0.013365310616791248,nan,nan,nan
53248,106.283080384643,161,1,0,0.0,0.642499976562566,0,0.10383807867765427,0.10632117092609406,-0.1646643877029419,0.029886331409215927,nan,nan,nan
54272,-7.840088082357692,360,0,0,0.25355617750334664,0.030276415778023646,86,-0.1820058375597,0.3267538547515869,-0.16466248035430908,0.015215195715427399,nan,nan,nan
55296,100.50667933458067,178,1,0,0.0,0.06915417297569232,1,-0.05688781291246414,0.06660177558660507,-0.16469192504882812,0.013521774671971798,nan,nan,nan
56320,103.16321094171936,173,1,0,0.0,0.12136040938186382,0,-0.05957107990980148,0.06668403744697571,-0.1647735834121704,0.03312484547495842,1.0,0.0,8.283333333333202
57344,105.11124243891959,162,1,0,0.0,0.6424999885518324,0,0.01096159964799881,0.3605571985244751,-0.16484928131103516,0.010205687955021858,nan,nan,nan
58368,104.92602820131842,162,1,0,0.0,0.642499976562566,1,0.21758638322353363,0.07920612394809723,-0.1649172306060791,0.02144227735698223,nan,nan,nan
59392,105.05009010756768,176,1,0,0.0,0.2703500034308204,0,0.2764202654361725,0.19890904426574707,-0.16497814655303955,0.010103370063006878,nan,nan,nan
60416,104.58809528230474,178,1,0,0.0,0.1319933321453104,0,-0.08494827896356583,0.5178518295288086,-0.16521787643432617,0.01325113233178854,nan,nan,nan
61440,-3.241143418172002,360,0,0,0.2010955236459278,0.03010762996978167,65,0.15424489974975586,0.9013831615447998,-0.16537213325500488,0.02230123057961464,0.6666666666666666,0.0,11.516666666666582
62464,101.21539307978168,159,1,0,0.0,0.642499976562566,1,0.017893286421895027,0.33678728342056274,-0.16543591022491455,0.010488470084965229,nan,nan,nan
63488,103.42588580342502,177,1,0,0.0,0.29347827380141034,0,0.10072353482246399,0.6232351064682007,-0.16549336910247803,0.0222068652510643,nan,nan,nan
64512,101.51491054039128,165,1,0,0.0,0.642499976562566,1,0.11818809807300568,0.4756484031677246,-0.16562223434448242,0.028377288952469826,nan,nan,nan
65536,102.48839359386324,180,1,0,0.0,0.3428553593522451,0,0.009015526622533798,0.5388497114181519,-0.16565346717834473,0.011129966005682945,nan,nan,nan
66560,26.108635889746942,360,0,0,0.0,0.030858340164518494,23,-0.1471005231142044,0.3647131323814392,-0.16575098037719727,0.020932506769895554,1.0,0.0,8.583333333333195
67584,100.18031945531521,166,1,0,0.0,0.642499976562566,1,-0.12886780500411987,0.49270302057266235,-0.16571855545043945,0.01189969852566719,nan,nan,nan
68608,101.93170087196376,187,1,0,0.0,0.20193474801163513,0,-0.07730244845151901,0.35948026180267334,-0.165702223777771,0.01155780628323555,nan,nan,nan
69632,103.09302345313124,184,1,0,0.0,0.41277285325264335,0,0.12237924337387085,0.22474949061870575,-0.16588830947875977,0.017807351425290108,nan,nan,nan
70656,101.69397766099377,188,1,0,0.0,0.15398572174978054,0,0.03225382789969444,0.1884119212627411,-0.16592586040496826,0.010884554125368595,nan,nan,nan
71680,104.97278493244944,187,1,0,0.0,0.2613083182792292,0,0.24132367968559265,0.12525931000709534,-0.1661466360092163,0.01069667562842369,1.0,0.0,8.683333333333193
72704,102.9043121342065,169,1,0,0.0,0.642499976562566,0,-0.2733747959136963,0.13545796275138855,-0.16622686386108398,0.017664816230535507,nan,nan,nan
73728,-43.5956870243548,360,0,0,0.26460260837093214,0.035397391629067854,157,-0.1897357702255249,0.24210549890995026,-0.16637074947357178,0.022400224581360817,nan,nan,nan
74752,99.79168001299988,189,1,0,0.0,0.12268630593105778,0,0.01841638796031475,0.3123396635055542,-0.16647982597351074,0.02206186018884182,nan,nan,nan
75776,102.97403729701475,176,1,0,0.0,0.642499976562566,0,-0.09282740950584412,0.1023334264755249,-0.16655409336090088,0.011088114231824875,nan,nan,nan
76800,103.66891834447071,171,1,0,0.0,0.642499976562566,0,0.04103359580039978,0.11668355762958527,-0.1665881872177124,0.011369970627129078,1.0,0.0,9.049999999999851
77824,103.3643169156829,174,1,0,0.0,0.642499976562566,0,0.008732490241527557,0.07599321752786636,-0.166611909866333,0.018839508295059204,nan,nan,nan
78848,105.67485960835677,186,1,0,0.0,0.2375660409014244,0,-0.1578960120677948,0.11538262665271759,-0.16660630702972412,0.021783392876386642,nan,nan,nan
79872,103.52736376076454,198,1,0,0.0,0.16867744852670574,0,0.20865362882614136,0.06694862246513367,-0.16660964488983154,0.018640372902154922,nan,nan,nan
80896,95.66417734716455,201,1,0,0.0,0.06905799368565368,0,0.24977660179138184,0.06913509964942932,-0.16662132740020752,0.03678802028298378,nan,nan,nan
81920,103.97945270624027,187,1,0,0.0,0.642499976562566,0,-0.05586957186460495,0.09260733425617218,-0.16667640209197998,0.012532927095890045,1.0,0.0,9.449999999999845
82944,104.00497789187622,190,1,0,0.0,0.2360970564241237,0,0.0013557560741901398,0.07146777212619781,-0.1666865348815918,0.013311863876879215,nan,nan,nan
83968,94.86685274051123,210,1,0,0.0,0.1311459987875046,0,-0.13039201498031616,0.057859793305397034,-0.16665267944335938,0.013319524005055428,nan,nan,nan
84992,101.26926031643315,195,1,0,0.0,0.11152780654393418,1,-0.1280396282672882,0.050346579402685165,-0.16663002967834473,0.010759497992694378,nan,nan,nan
86016,105.87008702803267,181,1,0,0.0,0.642499976562566,0,-0.008773230016231537,0.26083090901374817,-0.16651523113250732,0.026926089078187943,nan,nan,nan
87040,94.13335256288818,190,1,0,0.0,0.07569689513704725,2,-0.09294533729553223,0.04538242146372795,-0.16653573513031006,0.01110257487744093,1.0,0.0,9.299999999999846
88064,105.03893122083194,189,1,0,0.0,0.642499976562566,0,-0.1122700423002243,0.3974144458770752,-0.1665574312210083,0.014822161756455898,nan,nan,nan
89088,103.27569134619402,188,1,0,0.0,0.1557080402159835,0,0.09738989174365997,0.6552069187164307,-0.16655981540679932,0.029428131878376007,nan,nan,nan
90112,106.09521906562978,184,1,0,0.0,0.642499976562566,0,0.18794918060302734,0.5234368443489075,-0.1665555238723755,0.010594870895147324,nan,nan,nan
91136,105.78551304155506,178,1,0,0.0,0.6424999924043545,0,-0.1664733588695526,0.07189763337373734,-0.16654455661773682,0.024951908737421036,nan,nan,nan
92160,98.95320904964169,194,1,0,0.0,0.08467103214301708,0,0.030394721776247025,0.609795331954956,-0.1665400266647339,0.01751212775707245,1.0,0.0,8.816666666666523
93184,-159.37918960576943,360,0,0,0.26812203222449904,0.03187796777550095,268,0.0827895924448967,1.130975604057312,-0.16651129722595215,0.019528135657310486,nan,nan,nan
94208,105.97669135964502,180,1,0,0.0,0.16139913510522963,1,-0.17647066712379456,0.14639770984649658,-0.166495680809021,0.0303790420293808,nan,nan,nan
95232,103.00652505380775,180,1,0,0.0,0.09043424158864988,1,0.40444833040237427,0.07624155282974243,-0.16648268699645996,0.011236694641411304,nan,nan,nan
96256,100.4678849163029,188,1,0,0.0,0.06598925284655688,1,0.03774057328701019,0.16731078922748566,-0.16649210453033447,0.02067423053085804,nan,nan,nan
97280,107.30814466485106,171,1,0,0.0,0.642499976562566,0,0.19634810090065002,0.7382551431655884,-0.1665036678314209,0.018675219267606735,0.3333333333333333,0.0,14.833333333333298
98304,-136.32418073594226,360,0,0,0.2661396181146072,0.03386038188539281,247,-0.04496851935982704,1.0233765840530396,-0.16648221015930176,0.010694040916860104,nan,nan,nan
99328,-131.2198617844027,360,0,0,0.26739907581085876,0.032600924189141234,247,0.09070777893066406,1.0304474830627441,-0.16644978523254395,0.023342186585068703,nan,nan,nan
100000,104.25058910324714,181,1,0,0.0,0.6424999959628571,0,0.08288222551345825,0.7967175245285034,-0.16644227504730225,0.015997380018234253,0.3333333333333333,0.0,15.016666666666628
