policy,scenario_id,seed,shield_enabled,success,collision,terminated,truncated,failure_type,episode_time,steps,path_length,path_length_ratio,minimum_clearance,mean_cross_track_error,max_cross_track_error,idle_time,angular_oscillation,action_smoothness,shield_pass,shield_clamp,shield_stop,shield_interventions,unsafe_without_shield,shield_sustained_time,safety_cost,inference_ms,simulation_steps_per_second
lite_rule_baseline,S0,1000,False,1,0,1,0,,8.299999999999867,166,9.761245329380042,0.9761245329380042,0.6424999999999997,0.0,0.0,0.0,0,0.0004686947213485837,166,0,0,0,0,0.0,0.0,0.024389246928295912,1091.0847615279567
bc,S0,1000,False,1,0,1,0,,8.19999999999987,164,9.76176827778746,0.976176827778746,0.6424999992993637,0.03694966315503432,0.06382490030154386,0.0,0,8.710504334885627e-05,164,0,0,0,0,0.0,0.0,0.06351651222203367,1044.0919322762506
ppo,S0,1000,False,0,0,0,1,TIMEOUT,18.000000000000014,360,6.662531894630194,0.6662531894630195,0.642499976562566,0.12990561142335103,0.2610746424941528,0.0,0,0.0038039993960410357,360,0,0,0,0,0.0,0.0,0.07312360279583016,1023.9591013448735
bc_dagger,S0,1000,False,1,0,1,0,,11.149999999999807,223,10.274569745248424,1.0274569745248425,0.642499976562566,0.7262998784077724,1.3485661354907328,0.0,2,3.538655073498376e-05,223,0,0,0,0,0.0,0.0,0.05969095055322944,1051.907880229155
lite_rule_baseline,S0,1000,True,1,0,1,0,,8.299999999999867,166,9.761245329380042,0.9761245329380042,0.6424999999999997,0.0,0.0,0.0,0,0.0004686947213485837,166,0,0,0,0,0.0,0.0,0.023330849326595786,1105.6697211351566
bc,S0,1000,True,1,0,1,0,,8.19999999999987,164,9.76176827778746,0.976176827778746,0.6424999992993637,0.03694966315503432,0.06382490030154386,0.0,0,8.710504334885627e-05,164,0,0,0,0,0.0,0.0,0.05950884147617815,1050.8049252237797
ppo,S0,1000,True,0,0,0,1,TIMEOUT,18.000000000000014,360,6.662531894630194,0.6662531894630195,0.642499976562566,0.12990561142335103,0.2610746424941528,0.0,0,0.0038039993960410357,360,0,0,0,0,0.0,0.0,0.07178899724446335,1027.7156116083022
bc_dagger,S0,1000,True,1,0,1,0,,11.149999999999807,223,10.274569745248424,1.0274569745248425,0.642499976562566,0.7262998784077724,1.3485661354907328,0.0,2,3.538655073498376e-05,223,0,0,0,0,0.0,0.0,0.059928421495950075,1049.922931421336
lite_rule_baseline,S0,1001,False,1,0,1,0,,8.299999999999867,166,9.761245329380042,0.9761245329380042,0.6424999999999997,0.0,0.0,0.0,0,0.0004686947213485837,166,0,0,0,0,0.0,0.0,0.02355823492409005,1104.6708945939965
bc,S0,1001,False,1,0,1,0,,8.19999999999987,164,9.76176827778746,0.976176827778746,0.6424999992993637,0.03694966315503432,0.06382490030154386,0.0,0,8.710504334885627e-05,164,0,0,0,0,0.0,0.0,0.059529481792950964,1051.2640787131054
ppo,S0,1001,False,0,0,0,1,TIMEOUT,18.000000000000014,360,6.662531894630194,0.6662531894630195,0.642499976562566,0.12990561142335103,0.2610746424941528,0.0,0,0.0038039993960410357,360,0,0,0,0,0.0,0.0,0.07192234169855914,1027.3044188083175
bc_dagger,S0,1001,False,1,0,1,0,,11.149999999999807,223,10.274569745248424,1.0274569745248425,0.642499976562566,0.7262998784077724,1.3485661354907328,0.0,2,3.538655073498376e-05,223,0,0,0,0,0.0,0.0,0.05940673544105286,1050.3478099685562
lite_rule_baseline,S0,1001,True,1,0,1,0,,8.299999999999867,166,9.761245329380042,0.9761245329380042,0.6424999999999997,0.0,0.0,0.0,0,0.0004686947213485837,166,0,0,0,0,0.0,0.0,0.022881247009152787,1105.2041132269376
bc,S0,1001,True,1,0,1,0,,8.19999999999987,164,9.76176827778746,0.976176827778746,0.6424999992993637,0.03694966315503432,0.06382490030154386,0.0,0,8.710504334885627e-05,164,0,0,0,0,0.0,0.0,0.05929040246594856,1055.5077494929776
ppo,S0,1001,True,0,0,0,1,TIMEOUT,18.000000000000014,360,6.662531894630194,0.6662531894630195,0.642499976562566,0.12990561142335103,0.2610746424941528,0.0,0,0.0038039993960410357,360,0,0,0,0,0.0,0.0,0.07139788882947566,1031.1008190451016
bc_dagger,S0,1001,True,1,0,1,0,,11.149999999999807,223,10.274569745248424,1.0274569745248425,0.642499976562566,0.7262998784077724,1.3485661354907328,0.0,2,3.538655073498376e-05,223,0,0,0,0,0.0,0.0,0.059374470851408116,1046.3128322840225
lite_rule_baseline,S1,1000,False,1,0,1,0,,9.199999999999848,184,10.098341490016947,0.9766931588556713,0.0541077302356775,0.021743939331250964,0.12799673317418922,0.0,1,0.0026627960614860058,184,0,0,0,0,0.0,5.9041269277269235,0.024179548933281458,975.2204332087557
bc,S1,1000,False,1,0,1,0,,8.899999999999855,178,10.108500303271528,0.9776757007332311,0.052624704141387146,0.05495857705703331,0.12503735741782745,0.0,1,0.0017426395788788795,178,0,0,0,0,0.0,5.089030203809914,0.0624351853556608,934.7297390464257
ppo,S1,1000,False,0,0,0,1,TIMEOUT,18.000000000000014,360,6.314374326008361,0.6107147607122471,0.6148959204305074,0.1561851355318131,0.4912738876213792,0.0,0,0.002973392838612199,360,0,0,0,0,0.0,0.0,0.07223115561221978,924.8233191172578
bc_dagger,S1,1000,False,0,0,0,1,TIMEOUT,18.000000000000014,360,17.367605516362552,1.6797631086554645,0.43376527689422895,1.6800099697017177,5.083548207213856,0.0,3,0.0003432339581195265,360,0,0,0,0,0.0,0.0,0.05898369718124741,938.315019449888
lite_rule_baseline,S1,1000,True,1,0,1,0,,9.199999999999848,184,10.098341490016947,0.9766931588556713,0.0541077302356775,0.021743939331250964,0.12799673317418922,0.0,1,0.0026627960614860058,184,0,0,0,0,0.0,5.9041269277269235,0.024349641268164978,974.1359854545183
bc,S1,1000,True,1,0,1,0,,8.899999999999855,178,10.108500303271528,0.9776757007332311,0.052624704141387146,0.05495857705703331,0.12503735741782745,0.0,1,0.0017426395788788795,178,0,0,0,0,0.0,5.089030203809914,0.05965024156671206,941.1731512951719
ppo,S1,1000,True,0,0,0,1,TIMEOUT,18.000000000000014,360,6.314374326008361,0.6107147607122471,0.6148959204305074,0.1561851355318131,0.4912738876213792,0.0,0,0.002973392838612199,360,0,0,0,0,0.0,0.0,0.0711467555548653,927.2506422699378
bc_dagger,S1,1000,True,0,0,0,1,TIMEOUT,18.000000000000014,360,17.367605516362552,1.6797631086554645,0.43376527689422895,1.6800099697017177,5.083548207213856,0.0,3,0.0003432339581195265,360,0,0,0,0,0.0,0.0,0.059429263900609736,937.7456283033066
lite_rule_baseline,S1,1001,False,1,0,1,0,,9.199999999999848,184,10.098341490016947,0.9766931588556713,0.0541077302356775,0.021743939331250964,0.12799673317418922,0.0,1,0.0026627960614860058,184,0,0,0,0,0.0,5.9041269277269235,0.023614146792407035,982.0720715200013
bc,S1,1001,False,1,0,1,0,,8.899999999999855,178,10.108500303271528,0.9776757007332311,0.052624704141387146,0.05495857705703331,0.12503735741782745,0.0,1,0.0017426395788788795,178,0,0,0,0,0.0,5.089030203809914,0.06037711240975788,940.3018369870125
ppo,S1,1001,False,0,0,0,1,TIMEOUT,18.000000000000014,360,6.314374326008361,0.6107147607122471,0.6148959204305074,0.1561851355318131,0.4912738876213792,0.0,0,0.002973392838612199,360,0,0,0,0,0.0,0.0,0.07201202774417147,923.3753414129242
bc_dagger,S1,1001,False,0,0,0,1,TIMEOUT,18.000000000000014,360,17.367605516362552,1.6797631086554645,0.43376527689422895,1.6800099697017177,5.083548207213856,0.0,3,0.0003432339581195265,360,0,0,0,0,0.0,0.0,0.060026066694263136,931.9324728081025
lite_rule_baseline,S1,1001,True,1,0,1,0,,9.199999999999848,184,10.098341490016947,0.9766931588556713,0.0541077302356775,0.021743939331250964,0.12799673317418922,0.0,1,0.0026627960614860058,184,0,0,0,0,0.0,5.9041269277269235,0.023581690208590335,977.9264566109736
bc,S1,1001,True,1,0,1,0,,8.899999999999855,178,10.108500303271528,0.9776757007332311,0.052624704141387146,0.05495857705703331,0.12503735741782745,0.0,1,0.0017426395788788795,178,0,0,0,0,0.0,5.089030203809914,0.059538151617744006,943.9509251537387
ppo,S1,1001,True,0,0,0,1,TIMEOUT,18.000000000000014,360,6.314374326008361,0.6107147607122471,0.6148959204305074,0.1561851355318131,0.4912738876213792,0.0,0,0.002973392838612199,360,0,0,0,0,0.0,0.0,0.07177571387728676,923.7409104107955
bc_dagger,S1,1001,True,0,0,0,1,TIMEOUT,18.000000000000014,360,17.367605516362552,1.6797631086554645,0.43376527689422895,1.6800099697017177,5.083548207213856,0.0,3,0.0003432339581195265,360,0,0,0,0,0.0,0.0,0.05959712775620574,937.024574713925
lite_rule_baseline,S2,1000,False,1,0,1,0,,8.299999999999867,166,9.761245329380042,0.9761245329380042,0.39,0.0,0.0,0.0,0,0.0004686947213485837,166,0,0,0,0,0.0,0.0,0.023287945754944587,891.1553486567706
bc,S2,1000,False,1,0,1,0,,8.299999999999867,166,9.79741401935165,0.9797414019351651,0.3598717616418442,0.016188570523218617,0.030128238358155812,0.0,0,0.00019652003538794816,166,0,0,0,0,0.0,0.0,0.05949998192218447,855.9488026684
ppo,S2,1000,False,0,0,0,1,TIMEOUT,18.000000000000014,360,5.4864098720417385,0.5486409872041739,0.37690144655434354,0.16469966858049695,0.3895349855337571,0.0,0,0.0019037069287151098,360,0,0,0,0,0.0,0.0,0.07185827220786854,843.374106182667
bc_dagger,S2,1000,False,1,0,1,0,,9.449999999999843,189,9.830454581890024,0.9830454581890024,0.10291192065154975,0.16317628997208763,0.28708807934845026,0.0,1,0.000161938471137546,189,0,0,0,0,0.0,14.019484379003497,0.05883928565828933,858.644675361941
lite_rule_baseline,S2,1000,True,1,0,1,0,,8.299999999999867,166,9.761245329380042,0.9761245329380042,0.39,0.0,0.0,0.0,0,0.0004686947213485837,166,0,0,0,0,0.0,0.0,0.023435228943427835,887.4650243158873
bc,S2,1000,True,1,0,1,0,,8.299999999999867,166,9.79741401935165,0.9797414019351651,0.3598717616418442,0.016188570523218617,0.030128238358155812,0.0,0,0.00019652003538794816,166,0,0,0,0,0.0,0.0,0.059929500021536956,855.0536050339734
ppo,S2,1000,True,0,0,0,1,TIMEOUT,18.000000000000014,360,5.4864098720417385,0.5486409872041739,0.37690144655434354,0.16469966858049695,0.3895349855337571,0.0,0,0.0019037069287151098,360,0,0,0,0,0.0,0.0,0.07150487779452103,841.0424019688493
bc_dagger,S2,1000,True,1,0,1,0,,9.449999999999843,189,9.830454581890024,0.9830454581890024,0.10291192065154975,0.16317628997208763,0.28708807934845026,0.0,1,0.000161938471137546,189,0,0,0,0,0.0,14.019484379003497,0.05991044978992447,855.8141755492949
lite_rule_baseline,S2,1001,False,1,0,1,0,,8.299999999999867,166,9.761245329380042,0.9761245329380042,0.39,0.0,0.0,0.0,0,0.0004686947213485837,166,0,0,0,0,0.0,0.0,0.023759783092039043,886.6548415463393
bc,S2,1001,False,1,0,1,0,,8.299999999999867,166,9.79741401935165,0.9797414019351651,0.3598717616418442,0.016188570523218617,0.030128238358155812,0.0,0,0.00019652003538794816,166,0,0,0,0,0.0,0.0,0.06069201212830446,853.8091819724993
ppo,S2,1001,False,0,0,0,1,TIMEOUT,18.000000000000014,360,5.4864098720417385,0.5486409872041739,0.37690144655434354,0.16469966858049695,0.3895349855337571,0.0,0,0.0019037069287151098,360,0,0,0,0,0.0,0.0,0.07114411109796492,845.232871928237
bc_dagger,S2,1001,False,1,0,1,0,,9.449999999999843,189,9.830454581890024,0.9830454581890024,0.10291192065154975,0.16317628997208763,0.28708807934845026,0.0,1,0.000161938471137546,189,0,0,0,0,0.0,14.019484379003497,0.05876255031027117,859.7397820545664
lite_rule_baseline,S2,1001,True,1,0,1,0,,8.299999999999867,166,9.761245329380042,0.9761245329380042,0.39,0.0,0.0,0.0,0,0.0004686947213485837,166,0,0,0,0,0.0,0.0,0.0236902468966135,888.9112984992582
bc,S2,1001,True,1,0,1,0,,8.299999999999867,166,9.79741401935165,0.9797414019351651,0.3598717616418442,0.016188570523218617,0.030128238358155812,0.0,0,0.00019652003538794816,166,0,0,0,0,0.0,0.0,0.06030970481410202,854.5233987675924
ppo,S2,1001,True,0,0,0,1,TIMEOUT,18.000000000000014,360,5.4864098720417385,0.5486409872041739,0.37690144655434354,0.16469966858049695,0.3895349855337571,0.0,0,0.0019037069287151098,360,0,0,0,0,0.0,0.0,0.07171508333764602,843.5092216099356
bc_dagger,S2,1001,True,1,0,1,0,,9.449999999999843,189,9.830454581890024,0.9830454581890024,0.10291192065154975,0.16317628997208763,0.28708807934845026,0.0,1,0.000161938471137546,189,0,0,0,0,0.0,14.019484379003497,0.059377872954457185,855.6863121706842
lite_rule_baseline,S3,1000,False,1,0,1,0,,8.949999999999854,179,10.162428332882333,0.9744789539138554,0.05728731364171619,0.007670245910164895,0.04633134003427089,0.0,1,0.00210104463621974,179,0,0,0,2,0.0,6.773496319717086,0.023919474838370477,976.7216936618472
bc,S3,1000,False,0,1,1,0,COLLISION_STATIC,10.08999999999983,202,11.191859918761264,1.0731915235943994,-0.003845620511187975,0.14982081413246717,0.29513187698884613,0.0,3,0.0007474081940017641,202,0,0,0,16,0.0,3.679793670281761,0.059522272245471464,943.3617160828443
ppo,S3,1000,False,0,0,0,1,TIMEOUT,18.000000000000014,360,5.863795484040685,0.5622814845112983,0.642499976562566,0.278588853630992,0.48662660420748216,0.0,0,0.0019459478789940476,360,0,0,0,0,0.0,0.0,0.07122206939129683,926.1330624438114
bc_dagger,S3,1000,False,0,1,1,0,COLLISION_STATIC,3.8099999999999627,77,4.071562560573096,0.390423616763333,-0.011322187759745306,0.8619385224889968,1.9554800795492144,0.0,1,0.00013525766553357244,77,0,0,0,14,0.0,2.1759489500643134,0.060633636356026005,949.877024842634
lite_rule_baseline,S3,1000,True,1,0,1,0,,9.349999999999845,187,10.165844292807755,0.974806511555169,0.04423418174580007,0.006540259588486886,0.04722815056235838,0.0,1,0.0022814322728663683,185,2,0,2,2,0.05,8.681161535743502,0.024161556231220287,974.1817964300697
bc,S3,1000,True,0,0,0,1,TIMEOUT,18.000000000000014,360,11.160706063068648,1.0702041690260535,0.0353076212868183,0.20206057575091418,0.29477059636861885,5.899999999999987,3,0.00042311465949751437,208,61,91,152,152,6.95,40.00809395652418,0.060907491630738754,901.6269655708716
ppo,S3,1000,True,0,0,0,1,TIMEOUT,18.000000000000014,360,5.863795484040685,0.5622814845112983,0.642499976562566,0.278588853630992,0.48662660420748216,0.0,0,0.0019459478789940476,360,0,0,0,0,0.0,0.0,0.07138747508482386,924.5981620589415
bc_dagger,S3,1000,True,0,0,0,1,SHIELD_SATURATION,18.000000000000014,360,4.0159962498920105,0.38509534299532516,0.03590766709265625,1.6830265093417798,1.918001538651007,11.750000000000032,1,0.00010537195339566097,90,63,207,270,270,12.75,69.11415852794205,0.059562833353589265,886.0849594548088
lite_rule_baseline,S3,1001,False,1,0,1,0,,8.949999999999854,179,10.162428332882333,0.9744789539138554,0.05728731364171619,0.007670245910164895,0.04633134003427089,0.0,1,0.00210104463621974,179,0,0,0,2,0.0,6.773496319717086,0.023958771015200685,977.3483147941186
bc,S3,1001,False,0,1,1,0,COLLISION_STATIC,10.08999999999983,202,11.191859918761264,1.0731915235943994,-0.003845620511187975,0.14982081413246717,0.29513187698884613,0.0,3,0.0007474081940017641,202,0,0,0,16,0.0,3.679793670281761,0.05914271781029408,948.7710596601097
ppo,S3,1001,False,0,0,0,1,TIMEOUT,18.000000000000014,360,5.863795484040685,0.5622814845112983,0.642499976562566,0.278588853630992,0.48662660420748216,0.0,0,0.0019459478789940476,360,0,0,0,0,0.0,0.0,0.07103044995852138,926.0750911838086
bc_dagger,S3,1001,False,0,1,1,0,COLLISION_STATIC,3.8099999999999627,77,4.071562560573096,0.390423616763333,-0.011322187759745306,0.8619385224889968,1.9554800795492144,0.0,1,0.00013525766553357244,77,0,0,0,14,0.0,2.1759489500643134,0.05916663628470685,956.1179129237596
lite_rule_baseline,S3,1001,True,1,0,1,0,,9.349999999999845,187,10.165844292807755,0.974806511555169,0.04423418174580007,0.006540259588486886,0.04722815056235838,0.0,1,0.0022814322728663683,185,2,0,2,2,0.05,8.681161535743502,0.023581080274397436,979.3613987644411
bc,S3,1001,True,0,0,0,1,TIMEOUT,18.000000000000014,360,11.160706063068648,1.0702041690260535,0.0353076212868183,0.20206057575091418,0.29477059636861885,5.899999999999987,3,0.00042311465949751437,208,61,91,152,152,6.95,40.00809395652418,0.059736005581119876,904.5120089121892
ppo,S3,1001,True,0,0,0,1,TIMEOUT,18.000000000000014,360,5.863795484040685,0.5622814845112983,0.642499976562566,0.278588853630992,0.48662660420748216,0.0,0,0.0019459478789940476,360,0,0,0,0,0.0,0.0,0.07179722772687253,922.6226118768136
bc_dagger,S3,1001,True,0,0,0,1,SHIELD_SATURATION,18.000000000000014,360,4.0159962498920105,0.38509534299532516,0.03590766709265625,1.6830265093417798,1.918001538651007,11.750000000000032,1,0.00010537195339566097,90,63,207,270,270,12.75,69.11415852794205,0.060391236148562816,885.4853281630451
lite_rule_baseline,S4,1000,False,1,0,1,0,,8.299999999999867,166,9.761245329380042,0.9761245329380042,0.18999999999999984,0.0,0.0,0.0,0,0.0004686947213485837,166,0,0,0,0,0.0,4.242549167456301,0.023978379573806257,987.2331250174083
bc,S4,1000,False,1,0,1,0,,8.19999999999987,164,9.798782252608717,0.9798782252608718,0.08545606912008752,0.03604147323611273,0.10454393087991232,0.0,0,0.00017555667727719992,164,0,0,0,0,0.0,7.966831498133853,0.05892707310810759,948.9379333338492
ppo,S4,1000,False,0,0,0,1,TIMEOUT,18.000000000000014,360,6.789434733946639,0.678943473394664,0.642499976562566,0.32767781238670757,0.8104367004038422,0.0,0,0.0034131950233131647,360,0,0,0,0,0.0,0.0,0.07086921117055074,931.6404522279912
bc_dagger,S4,1000,False,1,0,1,0,,12.099999999999786,242,10.597355867156121,1.0597355867156122,0.642499976562566,0.8455453812661616,1.7496732246356586,0.0,1,0.00022191459720488638,242,0,0,0,0,0.0,0.0,0.05937067763166731,943.4287160796259
lite_rule_baseline,S4,1000,True,1,0,1,0,,8.299999999999867,166,9.761245329380042,0.9761245329380042,0.18999999999999984,0.0,0.0,0.0,0,0.0004686947213485837,166,0,0,0,0,0.0,4.242549167456301,0.023439493969521843,986.0724688963735
bc,S4,1000,True,1,0,1,0,,8.19999999999987,164,9.798782252608717,0.9798782252608718,0.08545606912008752,0.03604147323611273,0.10454393087991232,0.0,0,0.00017555667727719992,164,0,0,0,0,0.0,7.966831498133853,0.06744262177895374,906.7536560404596
ppo,S4,1000,True,0,0,0,1,TIMEOUT,18.000000000000014,360,6.789434733946639,0.678943473394664,0.642499976562566,0.32767781238670757,0.8104367004038422,0.0,0,0.0034131950233131647,360,0,0,0,0,0.0,0.0,0.07241062497390278,927.2577069637526
bc_dagger,S4,1000,True,1,0,1,0,,12.099999999999786,242,10.597355867156121,1.0597355867156122,0.642499976562566,0.8455453812661616,1.7496732246356586,0.0,1,0.00022191459720488638,242,0,0,0,0,0.0,0.0,0.05990359509757755,940.8590392988685
lite_rule_baseline,S4,1001,False,1,0,1,0,,8.299999999999867,166,9.761245329380042,0.9761245329380042,0.18999999999999984,0.0,0.0,0.0,0,0.0004686947213485837,166,0,0,0,0,0.0,4.242549167456301,0.02360588556498497,984.0193187907541
bc,S4,1001,False,1,0,1,0,,8.19999999999987,164,9.798782252608717,0.9798782252608718,0.08545606912008752,0.03604147323611273,0.10454393087991232,0.0,0,0.00017555667727719992,164,0,0,0,0,0.0,7.966831498133853,0.05897867687253449,947.3596819929606
ppo,S4,1001,False,0,0,0,1,TIMEOUT,18.000000000000014,360,6.789434733946639,0.678943473394664,0.642499976562566,0.32767781238670757,0.8104367004038422,0.0,0,0.0034131950233131647,360,0,0,0,0,0.0,0.0,0.07205906388460587,927.8813858323388
bc_dagger,S4,1001,False,1,0,1,0,,12.099999999999786,242,10.597355867156121,1.0597355867156122,0.642499976562566,0.8455453812661616,1.7496732246356586,0.0,1,0.00022191459720488638,242,0,0,0,0,0.0,0.0,0.060140169454434955,939.643133790871
lite_rule_baseline,S4,1001,True,1,0,1,0,,8.299999999999867,166,9.761245329380042,0.9761245329380042,0.18999999999999984,0.0,0.0,0.0,0,0.0004686947213485837,166,0,0,0,0,0.0,4.242549167456301,0.02382559649553711,981.3213926525724
bc,S4,1001,True,1,0,1,0,,8.19999999999987,164,9.798782252608717,0.9798782252608718,0.08545606912008752,0.03604147323611273,0.10454393087991232,0.0,0,0.00017555667727719992,164,0,0,0,0,0.0,7.966831498133853,0.06777028659975835,912.6023286669572
ppo,S4,1001,True,0,0,0,1,TIMEOUT,18.000000000000014,360,6.789434733946639,0.678943473394664,0.642499976562566,0.32767781238670757,0.8104367004038422,0.0,0,0.0034131950233131647,360,0,0,0,0,0.0,0.0,0.07436469720434818,914.4704477691628
bc_dagger,S4,1001,True,1,0,1,0,,12.099999999999786,242,10.597355867156121,1.0597355867156122,0.642499976562566,0.8455453812661616,1.7496732246356586,0.0,1,0.00022191459720488638,242,0,0,0,0,0.0,0.0,0.06008162398764638,942.7974515375513
lite_rule_baseline,S5,1000,False,1,0,1,0,,9.049999999999851,181,10.434929807002693,0.9759785483871608,0.08041612935618364,0.006885738310750025,0.05823718477871802,0.0,1,0.0016420953907072544,181,0,0,0,0,0.0,5.880767801205137,0.023312116017981912,983.8473732039355
bc,S5,1000,False,1,0,1,0,,9.54999999999984,191,10.630041588784179,0.9942273451762429,0.17318136110698956,0.13307955946505107,0.30514730332152606,0.0,2,0.0007337149581871927,191,0,0,0,0,0.0,1.1721183071551238,0.05975061782743326,941.3546733458969
ppo,S5,1000,False,0,0,0,1,TIMEOUT,18.000000000000014,360,5.979318824928857,0.5592454395986322,0.14661570223885056,1.1267778039500342,2.2116265712634364,0.0,0,0.0026318717282265425,360,0,0,0,0,0.0,2.4301984127151974,0.07165185832794425,926.4364429238367
bc_dagger,S5,1000,False,0,1,1,0,COLLISION_STATIC,3.0699999999999785,62,3.283685703462146,0.30712298649809516,-0.00047758036917239233,0.6794682090892182,1.6115691968421249,0.0,0,0.00016408726514782757,62,0,0,0,15,0.0,2.5771439541575614,0.05966193563630617,963.3106812918894
lite_rule_baseline,S5,1000,True,1,0,1,0,,9.049999999999851,181,10.434929807002693,0.9759785483871608,0.08041612935618364,0.006885738310750025,0.05823718477871802,0.0,1,0.0016420953907072544,181,0,0,0,0,0.0,5.880767801205137,0.024008215535692587,980.1320199913984
bc,S5,1000,True,1,0,1,0,,9.54999999999984,191,10.630041588784179,0.9942273451762429,0.17318136110698956,0.13307955946505107,0.30514730332152606,0.0,2,0.0007337149581871927,191,0,0,0,0,0.0,1.1721183071551238,0.060013738235017454,940.7121533857821
ppo,S5,1000,True,0,0,0,1,TIMEOUT,18.000000000000014,360,5.979318824928857,0.5592454395986322,0.14661570223885056,1.1267778039500342,2.2116265712634364,0.0,0,0.0026318717282265425,360,0,0,0,0,0.0,2.4301984127151974,0.07136966948766915,928.9185919909693
bc_dagger,S5,1000,True,0,0,0,1,TIMEOUT,18.000000000000014,360,12.055293043310407,1.1275310541040895,0.030326923354898894,2.3888494279679144,4.424484973685539,0.0,1,0.00020003698591608554,336,24,0,24,24,0.1,11.489695893034183,0.059454963881459356,933.870410505176
lite_rule_baseline,S5,1001,False,1,0,1,0,,9.049999999999851,181,10.434929807002693,0.9759785483871608,0.08041612935618364,0.006885738310750025,0.05823718477871802,0.0,1,0.0016420953907072544,181,0,0,0,0,0.0,5.880767801205137,0.024057115950410702,976.6542773868483
bc,S5,1001,False,1,0,1,0,,9.54999999999984,191,10.630041588784179,0.9942273451762429,0.17318136110698956,0.13307955946505107,0.30514730332152606,0.0,2,0.0007337149581871927,191,0,0,0,0,0.0,1.1721183071551238,0.06091739259037331,939.0338792745368
ppo,S5,1001,False,0,0,0,1,TIMEOUT,18.000000000000014,360,5.979318824928857,0.5592454395986322,0.14661570223885056,1.1267778039500342,2.2116265712634364,0.0,0,0.0026318717282265425,360,0,0,0,0,0.0,2.4301984127151974,0.07222056395524608,924.9521235787226
bc_dagger,S5,1001,False,0,1,1,0,COLLISION_STATIC,3.0699999999999785,62,3.283685703462146,0.30712298649809516,-0.00047758036917239233,0.6794682090892182,1.6115691968421249,0.0,0,0.00016408726514782757,62,0,0,0,15,0.0,2.5771439541575614,0.06160346768616188,955.1245513469418
lite_rule_baseline,S5,1001,True,1,0,1,0,,9.049999999999851,181,10.434929807002693,0.9759785483871608,0.08041612935618364,0.006885738310750025,0.05823718477871802,0.0,1,0.0016420953907072544,181,0,0,0,0,0.0,5.880767801205137,0.02368489500310128,979.1259542717409
bc,S5,1001,True,1,0,1,0,,9.54999999999984,191,10.630041588784179,0.9942273451762429,0.17318136110698956,0.13307955946505107,0.30514730332152606,0.0,2,0.0007337149581871927,191,0,0,0,0,0.0,1.1721183071551238,0.06013134556631399,944.1147487603658
ppo,S5,1001,True,0,0,0,1,TIMEOUT,18.000000000000014,360,5.979318824928857,0.5592454395986322,0.14661570223885056,1.1267778039500342,2.2116265712634364,0.0,0,0.0026318717282265425,360,0,0,0,0,0.0,2.4301984127151974,0.0716123611204643,925.8634158563392
bc_dagger,S5,1001,True,0,0,0,1,TIMEOUT,18.000000000000014,360,12.055293043310407,1.1275310541040895,0.030326923354898894,2.3888494279679144,4.424484973685539,0.0,1,0.00020003698591608554,336,24,0,24,24,0.1,11.489695893034183,0.059324455545114084,935.7281475806557
lite_rule_baseline,D0,1000,False,1,0,1,0,,8.299999999999867,166,9.761245329380042,0.9761245329380042,0.37627882454757,0.0,0.0,0.0,0,0.0004686947213485837,166,0,0,0,7,0.0,0.0,0.023909114440675144,1041.8720598246719
bc,D0,1000,False,1,0,1,0,,8.349999999999866,167,9.808963755052678,0.9808963755052679,0.4782724456564863,0.057207843727859364,0.14902306234860863,0.0,1,0.0007272183429449797,167,0,0,0,0,0.0,0.0,0.05973477838158365,999.2739825791159
ppo,D0,1000,False,0,0,0,1,TIMEOUT,18.000000000000014,360,6.650110763470067,0.6650110763470067,0.642499976562566,0.12988382882496272,0.2574456712387665,0.0,0,0.0036909827031195164,360,0,0,0,0,0.0,0.0,0.07352336385035112,967.605703364091
bc_dagger,D0,1000,False,1,0,1,0,,11.299999999999804,226,10.324797771343484,1.0324797771343484,0.642499976562566,0.7604171828037598,1.510913447948473,0.0,2,0.00014229309454094619,226,0,0,0,0,0.0,0.0,0.05947803981296731,1002.539063255793
lite_rule_baseline,D0,1000,True,1,0,1,0,,8.499999999999863,170,9.779264851808597,0.9779264851808597,0.4825891077089365,0.0,0.0,0.0,0,0.00048260902985930443,169,1,0,1,1,0.05,0.0,0.02361965887436835,1046.6495264862829
bc,D0,1000,True,1,0,1,0,,8.349999999999866,167,9.808963755052678,0.9808963755052679,0.4782724456564863,0.057207843727859364,0.14902306234860863,0.0,1,0.0007272183429449797,167,0,0,0,0,0.0,0.0,0.059428874260856086,1000.0631237476867
ppo,D0,1000,True,0,0,0,1,TIMEOUT,18.000000000000014,360,6.650110763470067,0.6650110763470067,0.642499976562566,0.12988382882496272,0.2574456712387665,0.0,0,0.0036909827031195164,360,0,0,0,0,0.0,0.0,0.07214792776721879,979.8027942754146
bc_dagger,D0,1000,True,1,0,1,0,,11.299999999999804,226,10.324797771343484,1.0324797771343484,0.642499976562566,0.7604171828037598,1.510913447948473,0.0,2,0.00014229309454094619,226,0,0,0,0,0.0,0.0,0.060054230116051724,995.9965521958064
lite_rule_baseline,D0,1001,False,1,0,1,0,,8.299999999999867,166,9.761245329380042,0.9761245329380042,0.37627882454757,0.0,0.0,0.0,0,0.0004686947213485837,166,0,0,0,7,0.0,0.0,0.023847867522412542,1041.561543195125
bc,D0,1001,False,1,0,1,0,,8.349999999999866,167,9.808963755052678,0.9808963755052679,0.4782724456564863,0.057207843727859364,0.14902306234860863,0.0,1,0.0007272183429449797,167,0,0,0,0,0.0,0.0,0.05952970062565159,999.1252628310816
ppo,D0,1001,False,0,0,0,1,TIMEOUT,18.000000000000014,360,6.650110763470067,0.6650110763470067,0.642499976562566,0.12988382882496272,0.2574456712387665,0.0,0,0.0036909827031195164,360,0,0,0,0,0.0,0.0,0.07176597502317843,981.5587388924322
bc_dagger,D0,1001,False,1,0,1,0,,11.299999999999804,226,10.324797771343484,1.0324797771343484,0.642499976562566,0.7604171828037598,1.510913447948473,0.0,2,0.00014229309454094619,226,0,0,0,0,0.0,0.0,0.05865084517407705,999.8829384818944
lite_rule_baseline,D0,1001,True,1,0,1,0,,8.499999999999863,170,9.779264851808597,0.9779264851808597,0.4825891077089365,0.0,0.0,0.0,0,0.00048260902985930443,169,1,0,1,1,0.05,0.0,0.023448088123747286,1047.5309464525956
bc,D0,1001,True,1,0,1,0,,8.349999999999866,167,9.808963755052678,0.9808963755052679,0.4782724456564863,0.057207843727859364,0.14902306234860863,0.0,1,0.0007272183429449797,167,0,0,0,0,0.0,0.0,0.0594558443622817,1001.0967584485744
ppo,D0,1001,True,0,0,0,1,TIMEOUT,18.000000000000014,360,6.650110763470067,0.6650110763470067,0.642499976562566,0.12988382882496272,0.2574456712387665,0.0,0,0.0036909827031195164,360,0,0,0,0,0.0,0.0,0.07114351671286083,983.2768936453033
bc_dagger,D0,1001,True,1,0,1,0,,11.299999999999804,226,10.324797771343484,1.0324797771343484,0.642499976562566,0.7604171828037598,1.510913447948473,0.0,2,0.00014229309454094619,226,0,0,0,0,0.0,0.0,0.05866828765663467,1004.5151310580786
lite_rule_baseline,D1,1000,False,0,1,1,0,COLLISION_DYNAMIC,4.729999999999944,95,5.233890905380208,0.5233890905380207,-0.0023909053802885216,0.0,0.0,0.0,0,0.0020286478102207184,95,0,0,0,10,0.0,1.9034547624589988,0.02350834748588233,1057.6826729226834
bc,D1,1000,False,0,1,1,0,COLLISION_DYNAMIC,4.859999999999941,98,5.202531003394283,0.5202531003394283,-0.00844755818020726,0.039939337952038884,0.14720802872102023,0.0,0,0.00031644306727685034,98,0,0,0,10,0.0,1.9827001078321667,0.05860335726055735,1014.2512652324383
ppo,D1,1000,False,0,1,1,0,COLLISION_DYNAMIC,11.609999999999797,233,3.869278472897825,0.38692784728978247,-0.0027957328513861235,0.13044092646648303,0.26090588165546835,0.0,0,0.0028346581384539604,233,0,0,0,4,0.0,4.150401440909653,0.0708535922897451,985.5210170673076
bc_dagger,D1,1000,False,1,0,1,0,,10.949999999999811,219,10.255669452387123,1.0255669452387122,0.6185345979034492,0.7212249841367218,1.3809083946648535,0.0,4,0.0002650282403919846,219,0,0,0,0,0.0,0.0,0.05998764385010241,995.03768798964
lite_rule_baseline,D1,1000,True,0,1,1,0,COLLISION_DYNAMIC,5.2499999999999325,105,4.999204200539342,0.4999204200539342,-0.001704200539431766,0.0,0.0,0.15000000000000002,0,0.0008284255163744092,94,10,1,11,11,0.30000000000000004,2.88365314145563,0.02383132384801727,1035.2740854184976
bc,D1,1000,True,0,1,1,0,COLLISION_DYNAMIC,5.36999999999993,108,4.965408293741529,0.4965408293741529,-0.004000864751848798,0.04792547159158608,0.1351584003616786,0.15000000000000002,0,0.0004225733282510191,97,9,2,11,11,0.30000000000000004,3.085868653463697,0.06077428704682259,995.6689139644619
ppo,D1,1000,True,0,1,1,0,COLLISION_DYNAMIC,11.589999999999797,232,3.796894390977464,0.37968943909774644,-0.003914280588389274,0.12964863161285917,0.26090588165546835,0.1,0,0.0028346162289381027,229,1,2,3,3,0.15000000000000002,3.862408451463268,0.07132887070963925,984.1735058480047
bc_dagger,D1,1000,True,1,0,1,0,,10.949999999999811,219,10.255669452387123,1.0255669452387122,0.6185345979034492,0.7212249841367218,1.3809083946648535,0.0,4,0.0002650282403919846,219,0,0,0,0,0.0,0.0,0.059159031998912044,999.0072650447378
lite_rule_baseline,D1,1001,False,0,1,1,0,COLLISION_DYNAMIC,4.729999999999944,95,5.233890905380208,0.5233890905380207,-0.0023909053802885216,0.0,0.0,0.0,0,0.0020286478102207184,95,0,0,0,10,0.0,1.9034547624589988,0.023518031593994237,1052.9558310250625
bc,D1,1001,False,0,1,1,0,COLLISION_DYNAMIC,4.859999999999941,98,5.202531003394283,0.5202531003394283,-0.00844755818020726,0.039939337952038884,0.14720802872102023,0.0,0,0.00031644306727685034,98,0,0,0,10,0.0,1.9827001078321667,0.05987758161108086,1006.0990442676167
ppo,D1,1001,False,0,1,1,0,COLLISION_DYNAMIC,11.609999999999797,233,3.869278472897825,0.38692784728978247,-0.0027957328513861235,0.13044092646648303,0.26090588165546835,0.0,0,0.0028346581384539604,233,0,0,0,4,0.0,4.150401440909653,0.0715874377630607,980.7219403936762
bc_dagger,D1,1001,False,1,0,1,0,,10.949999999999811,219,10.255669452387123,1.0255669452387122,0.6185345979034492,0.7212249841367218,1.3809083946648535,0.0,4,0.0002650282403919846,219,0,0,0,0,0.0,0.0,0.05999105021923134,996.2845909082545
lite_rule_baseline,D1,1001,True,0,1,1,0,COLLISION_DYNAMIC,5.2499999999999325,105,4.999204200539342,0.4999204200539342,-0.001704200539431766,0.0,0.0,0.15000000000000002,0,0.0008284255163744092,94,10,1,11,11,0.30000000000000004,2.88365314145563,0.024217447623543973,1033.2416775653303
bc,D1,1001,True,0,1,1,0,COLLISION_DYNAMIC,5.36999999999993,108,4.965408293741529,0.4965408293741529,-0.004000864751848798,0.04792547159158608,0.1351584003616786,0.15000000000000002,0,0.0004225733282510191,97,9,2,11,11,0.30000000000000004,3.085868653463697,0.05995521296090037,994.5701534506529
ppo,D1,1001,True,0,1,1,0,COLLISION_DYNAMIC,11.589999999999797,232,3.796894390977464,0.37968943909774644,-0.003914280588389274,0.12964863161285917,0.26090588165546835,0.1,0,0.0028346162289381027,229,1,2,3,3,0.15000000000000002,3.862408451463268,0.07416126715631027,969.1789602556788
bc_dagger,D1,1001,True,1,0,1,0,,10.949999999999811,219,10.255669452387123,1.0255669452387122,0.6185345979034492,0.7212249841367218,1.3809083946648535,0.0,4,0.0002650282403919846,219,0,0,0,0,0.0,0.0,0.06006654336268176,997.8179407516179
