policy,scenario_id,seed,shield_enabled,success,collision,terminated,truncated,failure_type,episode_time,steps,path_length,path_length_ratio,minimum_clearance,mean_cross_track_error,max_cross_track_error,idle_time,angular_oscillation,total_abs_rotation,action_smoothness,shield_pass,shield_clamp,shield_stop,shield_interventions,unsafe_without_shield,shield_sustained_time,safety_cost,inference_ms,simulation_steps_per_second
lite_rule_baseline,S0,1000,False,1,0,1,0,,8.299999999999867,166,9.761245329380042,0.9761245329380042,0.6424999999999997,0.0,0.0,0.0,0,0.0,0.0004686947213485837,166,0,0,0,0,0.0,0.0,0.02401602407452771,1083.6263645115478
bc,S0,1000,False,1,0,1,0,,8.19999999999987,164,9.76176827778746,0.976176827778746,0.6424999992993637,0.03694966315503432,0.06382490030154386,0.0,0,0.13716597204838765,8.710504334885627e-05,164,0,0,0,0,0.0,0.0,0.06419157920745641,1034.512667259451
ppo,S0,1000,False,0,0,0,1,TIMEOUT,18.000000000000014,360,7.256936191959507,0.7256936191959507,0.642499976562566,0.7557263177758503,1.2325050084975073,0.0,1,11.947553569113364,0.00019426681683398783,360,0,0,0,0,0.0,0.0,0.0730405139014086,1019.7431248352921
bc_dagger,S0,1000,False,1,0,1,0,,11.149999999999807,223,10.274569745248424,1.0274569745248425,0.642499976562566,0.7262998784077724,1.3485661354907328,0.0,2,1.555926409432431,3.538655073498376e-05,223,0,0,0,0,0.0,0.0,0.0601319282685277,1040.3248332674352
lite_rule_baseline,S0,1000,True,1,0,1,0,,8.299999999999867,166,9.761245329380042,0.9761245329380042,0.6424999999999997,0.0,0.0,0.0,0,0.0,0.0004686947213485837,166,0,0,0,0,0.0,0.0,0.023610487980740034,1091.3851500043404
bc,S0,1000,True,1,0,1,0,,8.19999999999987,164,9.76176827778746,0.976176827778746,0.6424999992993637,0.03694966315503432,0.06382490030154386,0.0,0,0.13716597204838765,8.710504334885627e-05,164,0,0,0,0,0.0,0.0,0.059838676783905746,1043.9191357036946
ppo,S0,1000,True,0,0,0,1,TIMEOUT,18.000000000000014,360,7.256936191959507,0.7256936191959507,0.642499976562566,0.7557263177758503,1.2325050084975073,0.0,1,11.947553569113364,0.00019426681683398783,360,0,0,0,0,0.0,0.0,0.07259014162931028,1019.8938338117732
bc_dagger,S0,1000,True,1,0,1,0,,11.149999999999807,223,10.274569745248424,1.0274569745248425,0.642499976562566,0.7262998784077724,1.3485661354907328,0.0,2,1.555926409432431,3.538655073498376e-05,223,0,0,0,0,0.0,0.0,0.05930026005615528,1040.8656454868128
lite_rule_baseline,S0,1001,False,1,0,1,0,,8.299999999999867,166,9.761245329380042,0.9761245329380042,0.6424999999999997,0.0,0.0,0.0,0,0.0,0.0004686947213485837,166,0,0,0,0,0.0,0.0,0.023451572300232273,1095.6010956042564
bc,S0,1001,False,1,0,1,0,,8.19999999999987,164,9.76176827778746,0.976176827778746,0.6424999992993637,0.03694966315503432,0.06382490030154386,0.0,0,0.13716597204838765,8.710504334885627e-05,164,0,0,0,0,0.0,0.0,0.059656274316228344,1046.155220094262
ppo,S0,1001,False,0,0,0,1,TIMEOUT,18.000000000000014,360,7.256936191959507,0.7256936191959507,0.642499976562566,0.7557263177758503,1.2325050084975073,0.0,1,11.947553569113364,0.00019426681683398783,360,0,0,0,0,0.0,0.0,0.0721527639042405,1022.9912538751893
bc_dagger,S0,1001,False,1,0,1,0,,11.149999999999807,223,10.274569745248424,1.0274569745248425,0.642499976562566,0.7262998784077724,1.3485661354907328,0.0,2,1.555926409432431,3.538655073498376e-05,223,0,0,0,0,0.0,0.0,0.05919020186574355,1041.3906066997217
lite_rule_baseline,S0,1001,True,1,0,1,0,,8.299999999999867,166,9.761245329380042,0.9761245329380042,0.6424999999999997,0.0,0.0,0.0,0,0.0,0.0004686947213485837,166,0,0,0,0,0.0,0.0,0.023374921631812068,1095.8274067618415
bc,S0,1001,True,1,0,1,0,,8.19999999999987,164,9.76176827778746,0.976176827778746,0.6424999992993637,0.03694966315503432,0.06382490030154386,0.0,0,0.13716597204838765,8.710504334885627e-05,164,0,0,0,0,0.0,0.0,0.05935417069982888,1042.8711218706596
ppo,S0,1001,True,0,0,0,1,TIMEOUT,18.000000000000014,360,7.256936191959507,0.7256936191959507,0.642499976562566,0.7557263177758503,1.2325050084975073,0.0,1,11.947553569113364,0.00019426681683398783,360,0,0,0,0,0.0,0.0,0.07173367502622972,1025.0289782121404
bc_dagger,S0,1001,True,1,0,1,0,,11.149999999999807,223,10.274569745248424,1.0274569745248425,0.642499976562566,0.7262998784077724,1.3485661354907328,0.0,2,1.555926409432431,3.538655073498376e-05,223,0,0,0,0,0.0,0.0,0.06004539002710588,1037.7722334189364
lite_rule_baseline,S1,1000,False,1,0,1,0,,9.199999999999848,184,10.098341490016947,0.9766931588556713,0.0541077302356775,0.021743939331250964,0.12799673317418922,0.0,1,1.9287784834461674,0.0026627960614860058,184,0,0,0,0,0.0,5.9041269277269235,0.023644000006954782,969.4276859380236
bc,S1,1000,False,1,0,1,0,,8.899999999999855,178,10.108500303271528,0.9776757007332311,0.052624704141387146,0.05495857705703331,0.12503735741782745,0.0,1,1.8656545468140389,0.0017426395788788795,178,0,0,0,0,0.0,5.089030203809914,0.06053255056235429,933.5331821646029
ppo,S1,1000,False,0,0,0,1,CIRCLING,18.000000000000014,360,6.364570863050351,0.6155696781633576,0.24725824363447024,0.8462157578240502,1.6015049888247646,0.0,0,14.104881395399579,0.000332490453729406,360,0,0,0,0,0.0,1.0364021298957515,0.07239951951305557,915.7382018231053
bc_dagger,S1,1000,False,0,0,0,1,TIMEOUT,18.000000000000014,360,17.367605516362552,1.6797631086554645,0.43376527689422895,1.6800099697017177,5.083548207213856,0.0,3,7.01138033317402,0.0003432339581195265,360,0,0,0,0,0.0,0.0,0.05952417495791451,926.331157685945
lite_rule_baseline,S1,1000,True,1,0,1,0,,9.199999999999848,184,10.098341490016947,0.9766931588556713,0.0541077302356775,0.021743939331250964,0.12799673317418922,0.0,1,1.9287784834461674,0.0026627960614860058,184,0,0,0,0,0.0,5.9041269277269235,0.024425923959864558,969.2449108036936
bc,S1,1000,True,1,0,1,0,,8.899999999999855,178,10.108500303271528,0.9776757007332311,0.052624704141387146,0.05495857705703331,0.12503735741782745,0.0,1,1.8656545468140389,0.0017426395788788795,178,0,0,0,0,0.0,5.089030203809914,0.060444061786297375,934.1935828674792
ppo,S1,1000,True,0,0,0,1,CIRCLING,18.000000000000014,360,6.364570863050351,0.6155696781633576,0.24725824363447024,0.8462157578240502,1.6015049888247646,0.0,0,14.104881395399579,0.000332490453729406,360,0,0,0,0,0.0,1.0364021298957515,0.07169471389513798,920.4768709445532
bc_dagger,S1,1000,True,0,0,0,1,TIMEOUT,18.000000000000014,360,17.367605516362552,1.6797631086554645,0.43376527689422895,1.6800099697017177,5.083548207213856,0.0,3,7.01138033317402,0.0003432339581195265,360,0,0,0,0,0.0,0.0,0.05962650835600572,931.2725200325068
lite_rule_baseline,S1,1001,False,1,0,1,0,,9.199999999999848,184,10.098341490016947,0.9766931588556713,0.0541077302356775,0.021743939331250964,0.12799673317418922,0.0,1,1.9287784834461674,0.0026627960614860058,184,0,0,0,0,0.0,5.9041269277269235,0.023658505419323617,971.8675609910907
bc,S1,1001,False,1,0,1,0,,8.899999999999855,178,10.108500303271528,0.9776757007332311,0.052624704141387146,0.05495857705703331,0.12503735741782745,0.0,1,1.8656545468140389,0.0017426395788788795,178,0,0,0,0,0.0,5.089030203809914,0.060837539289361836,933.1145581638741
ppo,S1,1001,False,0,0,0,1,CIRCLING,18.000000000000014,360,6.364570863050351,0.6155696781633576,0.24725824363447024,0.8462157578240502,1.6015049888247646,0.0,0,14.104881395399579,0.000332490453729406,360,0,0,0,0,0.0,1.0364021298957515,0.07268363610314231,914.0564747254768
bc_dagger,S1,1001,False,0,0,0,1,TIMEOUT,18.000000000000014,360,17.367605516362552,1.6797631086554645,0.43376527689422895,1.6800099697017177,5.083548207213856,0.0,3,7.01138033317402,0.0003432339581195265,360,0,0,0,0,0.0,0.0,0.059810519522013945,928.3243358918068
lite_rule_baseline,S1,1001,True,1,0,1,0,,9.199999999999848,184,10.098341490016947,0.9766931588556713,0.0541077302356775,0.021743939331250964,0.12799673317418922,0.0,1,1.9287784834461674,0.0026627960614860058,184,0,0,0,0,0.0,5.9041269277269235,0.023938445496162825,971.082585556784
bc,S1,1001,True,1,0,1,0,,8.899999999999855,178,10.108500303271528,0.9776757007332311,0.052624704141387146,0.05495857705703331,0.12503735741782745,0.0,1,1.8656545468140389,0.0017426395788788795,178,0,0,0,0,0.0,5.089030203809914,0.060521112358442174,933.941969672353
ppo,S1,1001,True,0,0,0,1,CIRCLING,18.000000000000014,360,6.364570863050351,0.6155696781633576,0.24725824363447024,0.8462157578240502,1.6015049888247646,0.0,0,14.104881395399579,0.000332490453729406,360,0,0,0,0,0.0,1.0364021298957515,0.07145024167382669,917.3923250578266
bc_dagger,S1,1001,True,0,0,0,1,TIMEOUT,18.000000000000014,360,17.367605516362552,1.6797631086554645,0.43376527689422895,1.6800099697017177,5.083548207213856,0.0,3,7.01138033317402,0.0003432339581195265,360,0,0,0,0,0.0,0.0,0.05927325831483662,931.3313462315355
lite_rule_baseline,S2,1000,False,1,0,1,0,,8.299999999999867,166,9.761245329380042,0.9761245329380042,0.39,0.0,0.0,0.0,0,0.0,0.0004686947213485837,166,0,0,0,0,0.0,0.0,0.023418975988205196,881.2361726193565
bc,S2,1000,False,1,0,1,0,,8.299999999999867,166,9.79741401935165,0.9797414019351651,0.3598717616418442,0.016188570523218617,0.030128238358155812,0.0,0,0.22852335006173236,0.00019652003538794816,166,0,0,0,0,0.0,0.0,0.05929167476217599,851.0918257085924
ppo,S2,1000,False,0,0,0,1,CIRCLING,18.000000000000014,360,5.250791160952349,0.5250791160952348,0.4432455284727982,0.2771718499089173,0.6098174228456159,0.0,0,15.768867905139924,0.0006414796225726604,360,0,0,0,0,0.0,0.0,0.07108704723274666,839.1381002762196
bc_dagger,S2,1000,False,1,0,1,0,,9.449999999999843,189,9.830454581890024,0.9830454581890024,0.10291192065154975,0.16317628997208763,0.28708807934845026,0.0,1,0.7963112546654885,0.000161938471137546,189,0,0,0,0,0.0,14.019484379003497,0.05853815345429611,852.8542534213275
lite_rule_baseline,S2,1000,True,1,0,1,0,,8.299999999999867,166,9.761245329380042,0.9761245329380042,0.39,0.0,0.0,0.0,0,0.0,0.0004686947213485837,166,0,0,0,0,0.0,0.0,0.023485674746443252,885.8642613089113
bc,S2,1000,True,1,0,1,0,,8.299999999999867,166,9.79741401935165,0.9797414019351651,0.3598717616418442,0.016188570523218617,0.030128238358155812,0.0,0,0.22852335006173236,0.00019652003538794816,166,0,0,0,0,0.0,0.0,0.06028384336513041,848.9315253206701
ppo,S2,1000,True,0,0,0,1,CIRCLING,18.000000000000014,360,5.250791160952349,0.5250791160952348,0.4432455284727982,0.2771718499089173,0.6098174228456159,0.0,0,15.768867905139924,0.0006414796225726604,360,0,0,0,0,0.0,0.0,0.07169894444511253,837.4239321322543
bc_dagger,S2,1000,True,1,0,1,0,,9.449999999999843,189,9.830454581890024,0.9830454581890024,0.10291192065154975,0.16317628997208763,0.28708807934845026,0.0,1,0.7963112546654885,0.000161938471137546,189,0,0,0,0,0.0,14.019484379003497,0.05880405290183801,848.4556448467322
lite_rule_baseline,S2,1001,False,1,0,1,0,,8.299999999999867,166,9.761245329380042,0.9761245329380042,0.39,0.0,0.0,0.0,0,0.0,0.0004686947213485837,166,0,0,0,0,0.0,0.0,0.02364786751168578,880.9316117146309
bc,S2,1001,False,1,0,1,0,,8.299999999999867,166,9.79741401935165,0.9797414019351651,0.3598717616418442,0.016188570523218617,0.030128238358155812,0.0,0,0.22852335006173236,0.00019652003538794816,166,0,0,0,0,0.0,0.0,0.06177733735879533,845.9142913044409
ppo,S2,1001,False,0,0,0,1,CIRCLING,18.000000000000014,360,5.250791160952349,0.5250791160952348,0.4432455284727982,0.2771718499089173,0.6098174228456159,0.0,0,15.768867905139924,0.0006414796225726604,360,0,0,0,0,0.0,0.0,0.07125902499056894,838.3805980086396
bc_dagger,S2,1001,False,1,0,1,0,,9.449999999999843,189,9.830454581890024,0.9830454581890024,0.10291192065154975,0.16317628997208763,0.28708807934845026,0.0,1,0.7963112546654885,0.000161938471137546,189,0,0,0,0,0.0,14.019484379003497,0.05971714279285777,851.1110964886958
lite_rule_baseline,S2,1001,True,1,0,1,0,,8.299999999999867,166,9.761245329380042,0.9761245329380042,0.39,0.0,0.0,0.0,0,0.0,0.0004686947213485837,166,0,0,0,0,0.0,0.0,0.02425198787264035,881.7377993873033
bc,S2,1001,True,1,0,1,0,,8.299999999999867,166,9.79741401935165,0.9797414019351651,0.3598717616418442,0.016188570523218617,0.030128238358155812,0.0,0,0.22852335006173236,0.00019652003538794816,166,0,0,0,0,0.0,0.0,0.05989758421974439,850.0683454937065
ppo,S2,1001,True,0,0,0,1,CIRCLING,18.000000000000014,360,5.250791160952349,0.5250791160952348,0.4432455284727982,0.2771718499089173,0.6098174228456159,0.0,0,15.768867905139924,0.0006414796225726604,360,0,0,0,0,0.0,0.0,0.07164248064428749,837.9133268427281
bc_dagger,S2,1001,True,1,0,1,0,,9.449999999999843,189,9.830454581890024,0.9830454581890024,0.10291192065154975,0.16317628997208763,0.28708807934845026,0.0,1,0.7963112546654885,0.000161938471137546,189,0,0,0,0,0.0,14.019484379003497,0.05888716390395843,852.216842814019
lite_rule_baseline,S3,1000,False,1,0,1,0,,8.949999999999854,179,10.162428332882333,0.9744789539138554,0.05728731364171619,0.007670245910164895,0.04633134003427089,0.0,1,1.2416647355706476,0.00210104463621974,179,0,0,0,2,0.0,6.773496319717086,0.02385913968135345,972.5600389344281
bc,S3,1000,False,0,1,1,0,COLLISION_STATIC,10.08999999999983,202,11.191859918761264,1.0731915235943994,-0.003845620511187975,0.14982081413246717,0.29513187698884613,0.0,3,2.0650473423406956,0.0007474081940017641,202,0,0,0,16,0.0,3.679793670281761,0.059837673391727846,943.0381960560297
ppo,S3,1000,False,0,0,0,1,CIRCLING,18.000000000000014,360,5.750808156403327,0.551447088515086,0.642499976562566,0.17589509090041233,0.441575647589202,0.0,1,15.897088391950819,0.0005672253319062293,360,0,0,0,0,0.0,0.0,0.07202093610329838,909.3778660318097
bc_dagger,S3,1000,False,0,1,1,0,COLLISION_STATIC,3.8099999999999627,77,4.071562560573096,0.390423616763333,-0.011322187759745306,0.8619385224889968,1.9554800795492144,0.0,1,0.49865334884845625,0.00013525766553357244,77,0,0,0,14,0.0,2.1759489500643134,0.06311090895339133,938.2096581261242
lite_rule_baseline,S3,1000,True,1,0,1,0,,9.349999999999845,187,10.165844292807755,0.974806511555169,0.04423418174580007,0.006540259588486886,0.04722815056235838,0.0,1,1.2135883904673301,0.0022814322728663683,185,2,0,2,2,0.05,8.681161535743502,0.023709486675916245,970.1595925957383
bc,S3,1000,True,0,0,0,1,TIMEOUT,18.000000000000014,360,11.160706063068648,1.0702041690260535,0.0353076212868183,0.20206057575091418,0.29477059636861885,5.899999999999987,3,2.2430281989846863,0.00042311465949751437,208,61,91,152,152,6.95,40.00809395652418,0.060803691657282694,898.9465470150532
ppo,S3,1000,True,0,0,0,1,CIRCLING,18.000000000000014,360,5.750808156403327,0.551447088515086,0.642499976562566,0.17589509090041233,0.441575647589202,0.0,1,15.897088391950819,0.0005672253319062293,360,0,0,0,0,0.0,0.0,0.07156641944574302,919.7791798268598
bc_dagger,S3,1000,True,0,0,0,1,SHIELD_SATURATION,18.000000000000014,360,4.0159962498920105,0.38509534299532516,0.03590766709265625,1.6830265093417798,1.918001538651007,11.750000000000032,1,0.5970604326564352,0.00010537195339566097,90,63,207,270,270,12.75,69.11415852794205,0.059141433358591816,884.4801375855083
lite_rule_baseline,S3,1001,False,1,0,1,0,,8.949999999999854,179,10.162428332882333,0.9744789539138554,0.05728731364171619,0.007670245910164895,0.04633134003427089,0.0,1,1.2416647355706476,0.00210104463621974,179,0,0,0,2,0.0,6.773496319717086,0.02368646917541774,974.9638966534136
bc,S3,1001,False,0,1,1,0,COLLISION_STATIC,10.08999999999983,202,11.191859918761264,1.0731915235943994,-0.003845620511187975,0.14982081413246717,0.29513187698884613,0.0,3,2.0650473423406956,0.0007474081940017641,202,0,0,0,16,0.0,3.679793670281761,0.058915009945074884,943.1502946464319
ppo,S3,1001,False,0,0,0,1,CIRCLING,18.000000000000014,360,5.750808156403327,0.551447088515086,0.642499976562566,0.17589509090041233,0.441575647589202,0.0,1,15.897088391950819,0.0005672253319062293,360,0,0,0,0,0.0,0.0,0.07196911947175977,920.9119935767197
bc_dagger,S3,1001,False,0,1,1,0,COLLISION_STATIC,3.8099999999999627,77,4.071562560573096,0.390423616763333,-0.011322187759745306,0.8619385224889968,1.9554800795492144,0.0,1,0.49865334884845625,0.00013525766553357244,77,0,0,0,14,0.0,2.1759489500643134,0.059475065096524886,948.2797626341833
lite_rule_baseline,S3,1001,True,1,0,1,0,,9.349999999999845,187,10.165844292807755,0.974806511555169,0.04423418174580007,0.006540259588486886,0.04722815056235838,0.0,1,1.2135883904673301,0.0022814322728663683,185,2,0,2,2,0.05,8.681161535743502,0.02401093593228952,971.6458213433747
bc,S3,1001,True,0,0,0,1,TIMEOUT,18.000000000000014,360,11.160706063068648,1.0702041690260535,0.0353076212868183,0.20206057575091418,0.29477059636861885,5.899999999999987,3,2.2430281989846863,0.00042311465949751437,208,61,91,152,152,6.95,40.00809395652418,0.06055077217550004,898.546508919881
ppo,S3,1001,True,0,0,0,1,CIRCLING,18.000000000000014,360,5.750808156403327,0.551447088515086,0.642499976562566,0.17589509090041233,0.441575647589202,0.0,1,15.897088391950819,0.0005672253319062293,360,0,0,0,0,0.0,0.0,0.07206506671132552,918.5218015351501
bc_dagger,S3,1001,True,0,0,0,1,SHIELD_SATURATION,18.000000000000014,360,4.0159962498920105,0.38509534299532516,0.03590766709265625,1.6830265093417798,1.918001538651007,11.750000000000032,1,0.5970604326564352,0.00010537195339566097,90,63,207,270,270,12.75,69.11415852794205,0.06153033056458904,871.3671478265057
lite_rule_baseline,S4,1000,False,1,0,1,0,,8.299999999999867,166,9.761245329380042,0.9761245329380042,0.18999999999999984,0.0,0.0,0.0,0,0.0,0.0004686947213485837,166,0,0,0,0,0.0,4.242549167456301,0.023799656588950262,978.7041003786077
bc,S4,1000,False,1,0,1,0,,8.19999999999987,164,9.798782252608717,0.9798782252608718,0.08545606912008752,0.03604147323611273,0.10454393087991232,0.0,0,0.24639475887961446,0.00017555667727719992,164,0,0,0,0,0.0,7.966831498133853,0.05890779876364565,942.2469225724038
ppo,S4,1000,False,0,0,0,1,TIMEOUT,18.000000000000014,360,7.388260283409649,0.7388260283409649,0.44944241191639733,0.3264008488268239,0.680932412707925,0.0,1,10.679762773178513,0.0006454859976656735,360,0,0,0,0,0.0,0.0,0.07126657222013616,925.3024938517648
bc_dagger,S4,1000,False,1,0,1,0,,12.099999999999786,242,10.597355867156121,1.0597355867156122,0.642499976562566,0.8455453812661616,1.7496732246356586,0.0,1,2.20194002720702,0.00022191459720488638,242,0,0,0,0,0.0,0.0,0.05948759927896615,939.923087489585
lite_rule_baseline,S4,1000,True,1,0,1,0,,8.299999999999867,166,9.761245329380042,0.9761245329380042,0.18999999999999984,0.0,0.0,0.0,0,0.0,0.0004686947213485837,166,0,0,0,0,0.0,4.242549167456301,0.02351104225212966,981.7368325039743
bc,S4,1000,True,1,0,1,0,,8.19999999999987,164,9.798782252608717,0.9798782252608718,0.08545606912008752,0.03604147323611273,0.10454393087991232,0.0,0,0.24639475887961446,0.00017555667727719992,164,0,0,0,0,0.0,7.966831498133853,0.05876015241416853,944.1054079395925
ppo,S4,1000,True,0,0,0,1,TIMEOUT,18.000000000000014,360,7.388260283409649,0.7388260283409649,0.44944241191639733,0.3264008488268239,0.680932412707925,0.0,1,10.679762773178513,0.0006454859976656735,360,0,0,0,0,0.0,0.0,0.07169524721777837,923.3477125507743
bc_dagger,S4,1000,True,1,0,1,0,,12.099999999999786,242,10.597355867156121,1.0597355867156122,0.642499976562566,0.8455453812661616,1.7496732246356586,0.0,1,2.20194002720702,0.00022191459720488638,242,0,0,0,0,0.0,0.0,0.05944748763870525,938.7998802079845
lite_rule_baseline,S4,1001,False,1,0,1,0,,8.299999999999867,166,9.761245329380042,0.9761245329380042,0.18999999999999984,0.0,0.0,0.0,0,0.0,0.0004686947213485837,166,0,0,0,0,0.0,4.242549167456301,0.023668222901648394,981.5921898380008
bc,S4,1001,False,1,0,1,0,,8.19999999999987,164,9.798782252608717,0.9798782252608718,0.08545606912008752,0.03604147323611273,0.10454393087991232,0.0,0,0.24639475887961446,0.00017555667727719992,164,0,0,0,0,0.0,7.966831498133853,0.06008305480485788,933.8171341151614
ppo,S4,1001,False,0,0,0,1,TIMEOUT,18.000000000000014,360,7.388260283409649,0.7388260283409649,0.44944241191639733,0.3264008488268239,0.680932412707925,0.0,1,10.679762773178513,0.0006454859976656735,360,0,0,0,0,0.0,0.0,0.07548566390040731,807.9920142027427
bc_dagger,S4,1001,False,1,0,1,0,,12.099999999999786,242,10.597355867156121,1.0597355867156122,0.642499976562566,0.8455453812661616,1.7496732246356586,0.0,1,2.20194002720702,0.00022191459720488638,242,0,0,0,0,0.0,0.0,0.060170309853291214,937.1129157304022
lite_rule_baseline,S4,1001,True,1,0,1,0,,8.299999999999867,166,9.761245329380042,0.9761245329380042,0.18999999999999984,0.0,0.0,0.0,0,0.0,0.0004686947213485837,166,0,0,0,0,0.0,4.242549167456301,0.023862174783566132,977.4969600452347
bc,S4,1001,True,1,0,1,0,,8.19999999999987,164,9.798782252608717,0.9798782252608718,0.08545606912008752,0.03604147323611273,0.10454393087991232,0.0,0,0.24639475887961446,0.00017555667727719992,164,0,0,0,0,0.0,7.966831498133853,0.06163543300162263,938.4253682321208
ppo,S4,1001,True,0,0,0,1,TIMEOUT,18.000000000000014,360,7.388260283409649,0.7388260283409649,0.44944241191639733,0.3264008488268239,0.680932412707925,0.0,1,10.679762773178513,0.0006454859976656735,360,0,0,0,0,0.0,0.0,0.07298715280133668,918.7770253982154
bc_dagger,S4,1001,True,1,0,1,0,,12.099999999999786,242,10.597355867156121,1.0597355867156122,0.642499976562566,0.8455453812661616,1.7496732246356586,0.0,1,2.20194002720702,0.00022191459720488638,242,0,0,0,0,0.0,0.0,0.05904253301812502,939.6317324666504
lite_rule_baseline,S5,1000,False,1,0,1,0,,9.049999999999851,181,10.434929807002693,0.9759785483871608,0.08041612935618364,0.006885738310750025,0.05823718477871802,0.0,1,1.0199308165237089,0.0016420953907072544,181,0,0,0,0,0.0,5.880767801205137,0.02393971831400786,972.8419453851967
bc,S5,1000,False,1,0,1,0,,9.54999999999984,191,10.630041588784179,0.9942273451762429,0.17318136110698956,0.13307955946505107,0.30514730332152606,0.0,2,1.6213248929055417,0.0007337149581871927,191,0,0,0,0,0.0,1.1721183071551238,0.061735795797942895,934.8451270250645
ppo,S5,1000,False,0,1,1,0,COLLISION_STATIC,10.889999999999812,218,5.067387598550948,0.47395255013885296,-0.0033857989578609526,1.0354935605698672,1.9690941581033115,0.0,3,7.015312721394001,0.0009404050069861114,218,0,0,0,20,0.0,13.97080283277848,0.07181671106148674,931.6196198996802
bc_dagger,S5,1000,False,0,1,1,0,COLLISION_STATIC,3.0699999999999785,62,3.283685703462146,0.30712298649809516,-0.00047758036917239233,0.6794682090892182,1.6115691968421249,0.0,0,0.3555147363057766,0.00016408726514782757,62,0,0,0,15,0.0,2.5771439541575614,0.059720451615923535,954.0290045073036
lite_rule_baseline,S5,1000,True,1,0,1,0,,9.049999999999851,181,10.434929807002693,0.9759785483871608,0.08041612935618364,0.006885738310750025,0.05823718477871802,0.0,1,1.0199308165237089,0.0016420953907072544,181,0,0,0,0,0.0,5.880767801205137,0.02395602767449001,972.87026564461
bc,S5,1000,True,1,0,1,0,,9.54999999999984,191,10.630041588784179,0.9942273451762429,0.17318136110698956,0.13307955946505107,0.30514730332152606,0.0,2,1.6213248929055417,0.0007337149581871927,191,0,0,0,0,0.0,1.1721183071551238,0.059955287943773965,934.5386683635029
ppo,S5,1000,True,0,0,0,1,TIMEOUT,18.000000000000014,360,4.901208644419159,0.4584098395096738,0.03257195687739317,1.2210810065380397,1.8778979590320997,5.4999999999999885,3,7.360959451901724,0.0005769825074821711,215,62,83,145,145,6.550000000000001,48.829945818173954,0.0720925888294409,888.9782432747553
bc_dagger,S5,1000,True,0,0,0,1,TIMEOUT,18.000000000000014,360,12.055293043310407,1.1275310541040895,0.030326923354898894,2.3888494279679144,4.424484973685539,0.0,1,3.226192845077019,0.00020003698591608554,336,24,0,24,24,0.1,11.489695893034183,0.0596304221896086,926.4927712671881
lite_rule_baseline,S5,1001,False,1,0,1,0,,9.049999999999851,181,10.434929807002693,0.9759785483871608,0.08041612935618364,0.006885738310750025,0.05823718477871802,0.0,1,1.0199308165237089,0.0016420953907072544,181,0,0,0,0,0.0,5.880767801205137,0.023937607683319834,973.2386262764956
bc,S5,1001,False,1,0,1,0,,9.54999999999984,191,10.630041588784179,0.9942273451762429,0.17318136110698956,0.13307955946505107,0.30514730332152606,0.0,2,1.6213248929055417,0.0007337149581871927,191,0,0,0,0,0.0,1.1721183071551238,0.060744586406630365,936.2008895352504
ppo,S5,1001,False,0,1,1,0,COLLISION_STATIC,10.889999999999812,218,5.067387598550948,0.47395255013885296,-0.0033857989578609526,1.0354935605698672,1.9690941581033115,0.0,3,7.015312721394001,0.0009404050069861114,218,0,0,0,20,0.0,13.97080283277848,0.07279511021664836,926.3018209661734
bc_dagger,S5,1001,False,0,1,1,0,COLLISION_STATIC,3.0699999999999785,62,3.283685703462146,0.30712298649809516,-0.00047758036917239233,0.6794682090892182,1.6115691968421249,0.0,0,0.3555147363057766,0.00016408726514782757,62,0,0,0,15,0.0,2.5771439541575614,0.06553156447719835,933.7982242772657
lite_rule_baseline,S5,1001,True,1,0,1,0,,9.049999999999851,181,10.434929807002693,0.9759785483871608,0.08041612935618364,0.006885738310750025,0.05823718477871802,0.0,1,1.0199308165237089,0.0016420953907072544,181,0,0,0,0,0.0,5.880767801205137,0.024248662991455668,969.5645128701904
bc,S5,1001,True,1,0,1,0,,9.54999999999984,191,10.630041588784179,0.9942273451762429,0.17318136110698956,0.13307955946505107,0.30514730332152606,0.0,2,1.6213248929055417,0.0007337149581871927,191,0,0,0,0,0.0,1.1721183071551238,0.06083485864133925,934.672622966597
ppo,S5,1001,True,0,0,0,1,TIMEOUT,18.000000000000014,360,4.901208644419159,0.4584098395096738,0.03257195687739317,1.2210810065380397,1.8778979590320997,5.4999999999999885,3,7.360959451901724,0.0005769825074821711,215,62,83,145,145,6.550000000000001,48.829945818173954,0.0723135333070483,891.152526324996
bc_dagger,S5,1001,True,0,0,0,1,TIMEOUT,18.000000000000014,360,12.055293043310407,1.1275310541040895,0.030326923354898894,2.3888494279679144,4.424484973685539,0.0,1,3.226192845077019,0.00020003698591608554,336,24,0,24,24,0.1,11.489695893034183,0.05934592779036999,927.5408131307902
lite_rule_baseline,D0,1000,False,1,0,1,0,,8.299999999999867,166,9.761245329380042,0.9761245329380042,0.37627882454757,0.0,0.0,0.0,0,0.0,0.0004686947213485837,166,0,0,0,7,0.0,0.0,0.024134018136705945,1035.3172019282204
bc,D0,1000,False,1,0,1,0,,8.349999999999866,167,9.808963755052678,0.9808963755052679,0.4782724456564863,0.057207843727859364,0.14902306234860863,0.0,1,0.6407653898204442,0.0007272183429449797,167,0,0,0,0,0.0,0.0,0.059360604854610824,993.3905326016001
ppo,D0,1000,False,0,0,0,1,TIMEOUT,18.000000000000014,360,7.01427960947595,0.701427960947595,0.642499976562566,0.5899117998624672,1.0574356596281662,0.0,1,12.00021032579243,0.00023767209495417774,360,0,0,0,0,0.0,0.0,0.07171261115420041,976.2220986867417
bc_dagger,D0,1000,False,1,0,1,0,,11.299999999999804,226,10.324797771343484,1.0324797771343484,0.642499976562566,0.7604171828037598,1.510913447948473,0.0,2,2.034475542563013,0.00014229309454094619,226,0,0,0,0,0.0,0.0,0.05916699561100109,992.0553268326249
lite_rule_baseline,D0,1000,True,1,0,1,0,,8.499999999999863,170,9.779264851808597,0.9779264851808597,0.4825891077089365,0.0,0.0,0.0,0,0.0,0.00048260902985930443,169,1,0,1,1,0.05,0.0,0.023947800058094264,1036.0594393410686
bc,D0,1000,True,1,0,1,0,,8.349999999999866,167,9.808963755052678,0.9808963755052679,0.4782724456564863,0.057207843727859364,0.14902306234860863,0.0,1,0.6407653898204442,0.0007272183429449797,167,0,0,0,0,0.0,0.0,0.05986105982569035,990.9467343656764
ppo,D0,1000,True,0,0,0,1,TIMEOUT,18.000000000000014,360,7.01427960947595,0.701427960947595,0.642499976562566,0.5899117998624672,1.0574356596281662,0.0,1,12.00021032579243,0.00023767209495417774,360,0,0,0,0,0.0,0.0,0.07207764993937518,973.8417529892256
bc_dagger,D0,1000,True,1,0,1,0,,11.299999999999804,226,10.324797771343484,1.0324797771343484,0.642499976562566,0.7604171828037598,1.510913447948473,0.0,2,2.034475542563013,0.00014229309454094619,226,0,0,0,0,0.0,0.0,0.05973505756676875,992.7151487624515
lite_rule_baseline,D0,1001,False,1,0,1,0,,8.299999999999867,166,9.761245329380042,0.9761245329380042,0.37627882454757,0.0,0.0,0.0,0,0.0,0.0004686947213485837,166,0,0,0,7,0.0,0.0,0.024244222957525173,1035.8044076012154
bc,D0,1001,False,1,0,1,0,,8.349999999999866,167,9.808963755052678,0.9808963755052679,0.4782724456564863,0.057207843727859364,0.14902306234860863,0.0,1,0.6407653898204442,0.0007272183429449797,167,0,0,0,0,0.0,0.0,0.06030038329011072,992.4181983292705
ppo,D0,1001,False,0,0,0,1,TIMEOUT,18.000000000000014,360,7.01427960947595,0.701427960947595,0.642499976562566,0.5899117998624672,1.0574356596281662,0.0,1,12.00021032579243,0.00023767209495417774,360,0,0,0,0,0.0,0.0,0.07190521384675069,975.4663440429721
bc_dagger,D0,1001,False,1,0,1,0,,11.299999999999804,226,10.324797771343484,1.0324797771343484,0.642499976562566,0.7604171828037598,1.510913447948473,0.0,2,2.034475542563013,0.00014229309454094619,226,0,0,0,0,0.0,0.0,0.059695008852925,990.0247341861229
lite_rule_baseline,D0,1001,True,1,0,1,0,,8.499999999999863,170,9.779264851808597,0.9779264851808597,0.4825891077089365,0.0,0.0,0.0,0,0.0,0.00048260902985930443,169,1,0,1,1,0.05,0.0,0.02384606483674896,1034.6042123404247
bc,D0,1001,True,1,0,1,0,,8.349999999999866,167,9.808963755052678,0.9808963755052679,0.4782724456564863,0.057207843727859364,0.14902306234860863,0.0,1,0.6407653898204442,0.0007272183429449797,167,0,0,0,0,0.0,0.0,0.05995383831694329,995.5594768561501
ppo,D0,1001,True,0,0,0,1,TIMEOUT,18.000000000000014,360,7.01427960947595,0.701427960947595,0.642499976562566,0.5899117998624672,1.0574356596281662,0.0,1,12.00021032579243,0.00023767209495417774,360,0,0,0,0,0.0,0.0,0.07179431667686408,977.5604607769702
bc_dagger,D0,1001,True,1,0,1,0,,11.299999999999804,226,10.324797771343484,1.0324797771343484,0.642499976562566,0.7604171828037598,1.510913447948473,0.0,2,2.034475542563013,0.00014229309454094619,226,0,0,0,0,0.0,0.0,0.059685278764709034,991.4005521349721
lite_rule_baseline,D1,1000,False,0,1,1,0,COLLISION_DYNAMIC,4.729999999999944,95,5.233890905380208,0.5233890905380207,-0.0023909053802885216,0.0,0.0,0.0,0,0.0,0.0020286478102207184,95,0,0,0,10,0.0,1.9034547624589988,0.023983799914467932,1045.4207818550176
bc,D1,1000,False,0,1,1,0,COLLISION_DYNAMIC,4.859999999999941,98,5.202531003394283,0.5202531003394283,-0.00844755818020726,0.039939337952038884,0.14720802872102023,0.0,0,0.1286170260762447,0.00031644306727685034,98,0,0,0,10,0.0,1.9827001078321667,0.059991540777501746,1000.6900983535845
ppo,D1,1000,False,0,1,1,0,COLLISION_DYNAMIC,10.52999999999982,211,4.739929540054956,0.4739929540054956,-0.0011418768949348346,0.7193119501579139,1.1271724790642486,0.0,1,5.729252927200868,0.0006088413065299392,211,0,0,0,3,0.0,6.725131160208308,0.07086310432426592,981.2361831999293
bc_dagger,D1,1000,False,1,0,1,0,,10.949999999999811,219,10.255669452387123,1.0255669452387122,0.6185345979034492,0.7212249841367218,1.3809083946648535,0.0,4,1.913950731301447,0.0002650282403919846,219,0,0,0,0,0.0,0.0,0.05940579900845777,991.9219506936731
lite_rule_baseline,D1,1000,True,0,1,1,0,COLLISION_DYNAMIC,5.2499999999999325,105,4.999204200539342,0.4999204200539342,-0.001704200539431766,0.0,0.0,0.15000000000000002,0,0.0,0.0008284255163744092,94,10,1,11,11,0.30000000000000004,2.88365314145563,0.02399956202203785,1033.4509978040232
bc,D1,1000,True,0,1,1,0,COLLISION_DYNAMIC,5.36999999999993,108,4.965408293741529,0.4965408293741529,-0.004000864751848798,0.04792547159158608,0.1351584003616786,0.15000000000000002,0,0.13987622161075713,0.0004225733282510191,97,9,2,11,11,0.30000000000000004,3.085868653463697,0.05945256484833576,992.9082904368395
ppo,D1,1000,True,0,1,1,0,COLLISION_DYNAMIC,10.469999999999821,210,4.7248517804532035,0.47248517804532036,-0.0007992620553339824,0.7201089856443713,1.1271724790642486,0.1,1,5.52086274494417,0.0006115882424637675,208,0,2,2,2,0.1,6.433161308939633,0.07128535243758788,981.8247500917826
bc_dagger,D1,1000,True,1,0,1,0,,10.949999999999811,219,10.255669452387123,1.0255669452387122,0.6185345979034492,0.7212249841367218,1.3809083946648535,0.0,4,1.913950731301447,0.0002650282403919846,219,0,0,0,0,0.0,0.0,0.058956570745515954,994.5161606857517
lite_rule_baseline,D1,1001,False,0,1,1,0,COLLISION_DYNAMIC,4.729999999999944,95,5.233890905380208,0.5233890905380207,-0.0023909053802885216,0.0,0.0,0.0,0,0.0,0.0020286478102207184,95,0,0,0,10,0.0,1.9034547624589988,0.023927157943896753,1047.5086522783183
bc,D1,1001,False,0,1,1,0,COLLISION_DYNAMIC,4.859999999999941,98,5.202531003394283,0.5202531003394283,-0.00844755818020726,0.039939337952038884,0.14720802872102023,0.0,0,0.1286170260762447,0.00031644306727685034,98,0,0,0,10,0.0,1.9827001078321667,0.05977814288023498,1003.5157149108758
ppo,D1,1001,False,0,1,1,0,COLLISION_DYNAMIC,10.52999999999982,211,4.739929540054956,0.4739929540054956,-0.0011418768949348346,0.7193119501579139,1.1271724790642486,0.0,1,5.729252927200868,0.0006088413065299392,211,0,0,0,3,0.0,6.725131160208308,0.07253103796834064,976.3222557903082
bc_dagger,D1,1001,False,1,0,1,0,,10.949999999999811,219,10.255669452387123,1.0255669452387122,0.6185345979034492,0.7212249841367218,1.3809083946648535,0.0,4,1.913950731301447,0.0002650282403919846,219,0,0,0,0,0.0,0.0,0.05936797264206955,992.9604859829724
lite_rule_baseline,D1,1001,True,0,1,1,0,COLLISION_DYNAMIC,5.2499999999999325,105,4.999204200539342,0.4999204200539342,-0.001704200539431766,0.0,0.0,0.15000000000000002,0,0.0,0.0008284255163744092,94,10,1,11,11,0.30000000000000004,2.88365314145563,0.024665466740511226,1027.2351842698447
bc,D1,1001,True,0,1,1,0,COLLISION_DYNAMIC,5.36999999999993,108,4.965408293741529,0.4965408293741529,-0.004000864751848798,0.04792547159158608,0.1351584003616786,0.15000000000000002,0,0.13987622161075713,0.0004225733282510191,97,9,2,11,11,0.30000000000000004,3.085868653463697,0.06009305552315372,990.9605405261046
ppo,D1,1001,True,0,1,1,0,COLLISION_DYNAMIC,10.469999999999821,210,4.7248517804532035,0.47248517804532036,-0.0007992620553339824,0.7201089856443713,1.1271724790642486,0.1,1,5.52086274494417,0.0006115882424637675,208,0,2,2,2,0.1,6.433161308939633,0.07139089523531895,980.0783487662219
bc_dagger,D1,1001,True,1,0,1,0,,10.949999999999811,219,10.255669452387123,1.0255669452387122,0.6185345979034492,0.7212249841367218,1.3809083946648535,0.0,4,1.913950731301447,0.0002650282403919846,219,0,0,0,0,0.0,0.0,0.061320557157558464,992.0297880726054
